listing_id,title,property_type,price,beds,baths,eircode,area,distance_from_city_km,distance_category,has_bus,has_dart,has_luas,url
4989483,"30 Seabury Wood , Malahide, County Dublin, K36 T958",Semi-Detached,615000,3.0,2.0,K36 T958,Unknown,10,Outer,1,1,1,https://www.myhome.ie/residential/brochure/30-seabury-wood-malahide-county-dublin/4989483
4989352,"Apartment 166, Block D, The Timber Mill, Artane, Dublin 5, D05 C963",Apartment,345000,2.0,1.0,D05C963,Dublin 5,10,Outer,1,1,1,https://www.myhome.ie/residential/brochure/apartment-166-block-d-the-timber-mill-artane-dublin-5/4989352
4989529,"109 The Sweepstakes, Merrion Road, Ballsbridge, Dublin 4, D04 Y5W8",Studio,995000,4.0,3.0,D04 Y5W8,Dublin 4,5,Suburban,1,1,1,https://www.myhome.ie/residential/brochure/109-the-sweepstakes-merrion-road-ballsbridge-dublin-4/4989529
4989506,"9 Ennis Grove, Sandymount, Dublin 4, D04 H020",Semi-Detached,725000,2.0,2.0,D04 H020,Dublin 4,5,Suburban,1,1,1,https://www.myhome.ie/residential/brochure/9-ennis-grove-sandymount-dublin-4/4989506
4981647,"1 Westminster Court, Foxrock, Dublin 18, D18 P043",Studio,775000,3.0,3.0,D18 P043,Dublin 18,14,Outer,1,1,1,https://www.myhome.ie/residential/brochure/1-westminster-court-foxrock-dublin-18/4981647
4979220,"18 St Joseph's Road, Walkinstown, Dublin 12, D12 P6N3",Terraced,499950,3.0,2.0,D12P6N3,Dublin 12,6,Suburban,1,0,1,https://www.myhome.ie/residential/brochure/18-st-joseph-s-road-walkinstown-dublin-12/4979220
4981200,"90 Foxfield Road, Raheny, Dublin 5, County Dublin, D05 Y499",Semi-Detached,750000,5.0,3.0,D05 Y499,Dublin 5,10,Outer,1,1,1,https://www.myhome.ie/residential/brochure/90-foxfield-road-raheny-dublin-5-county-dublin/4981200
4989509,"2 Whitegate, Sandyford Village, Sandyford, Dublin 18, D18 T9F5",Detached,1150000,4.0,4.0,D18 T9F5,Dublin 18,14,Outer,1,1,1,https://www.myhome.ie/residential/brochure/2-whitegate-sandyford-village-sandyford-dublin-18/4989509
4975065,"51 Braemor Road, Churchtown, Dublin 14, D14 W426",Semi-Detached,1295000,4.0,3.0,D14W426,Dublin 14,7,Suburban,1,1,1,https://www.myhome.ie/residential/brochure/51-braemor-road-churchtown-dublin-14/4975065
4987311,"44 Mountain View Road, Ranelagh, Dublin 6, D06 P2N3",Semi-Detached,1850000,3.0,3.0,D06 P2N3,Dublin 6,5,Suburban,1,1,1,https://www.myhome.ie/residential/brochure/44-mountain-view-road-ranelagh-dublin-6/4987311
4944231,"Solas, Greenwich Court, Off Swanville Place, Rathmines, Dublin 6, D06 C6F9",Terraced,3250000,4.0,4.0,D06C6F9,Dublin 6,5,Suburban,1,1,1,https://www.myhome.ie/residential/brochure/solas-greenwich-court-off-swanville-place-rathmines-dublin-6/4944231
4987610,"8 Deerpark Drive, Castleknock, Dublin 15, County Dublin, D15 V2DD",Detached,2600000,5.0,5.0,D15 V2DD,Dublin 15,12,Outer,1,0,1,https://www.myhome.ie/residential/brochure/8-deerpark-drive-castleknock-dublin-15-county-dublin/4987610
4965814,"7 Shielmartin Drive, Sutton, Dublin 13, D13 E971",Detached,875000,5.0,5.0,D13 E971,Dublin 13,10,Outer,1,1,1,https://www.myhome.ie/residential/brochure/7-shielmartin-drive-sutton-dublin-13/4965814
4989527,"171 Palmerstown Avenue, Dublin 20, County Dublin, D20 XC43",Semi-Detached,650000,3.0,3.0,D20 XC43,Dublin 20,10,Outer,1,0,1,https://www.myhome.ie/residential/brochure/171-palmerstown-avenue-dublin-20-county-dublin/4989527
4948123,"Spinnaker, Old Yellow Walls Road, Malahide, K36 RY29",Detached,1250000,4.0,2.0,K36 RY29,Unknown,10,Outer,1,1,1,https://www.myhome.ie/residential/brochure/spinnaker-old-yellow-walls-road-malahide/4948123
4989531,"47 Hunters Hall, Ballycullen, Dublin 24, D24 V500",Apartment,365000,3.0,2.0,D24 V500,Dublin 24,10,Outer,1,0,1,https://www.myhome.ie/residential/brochure/47-hunters-hall-ballycullen-dublin-24/4989531
4989502,"1 Norfolk Road, Phibsborough, Dublin 7, D07 CA44",Studio,865000,3.0,2.0,D07 CA44,Dublin 7,10,Outer,1,0,1,https://www.myhome.ie/residential/brochure/1-norfolk-road-phibsborough-dublin-7/4989502
4985012,"26 Mountpleasant Avenue Upper, Ranelagh, Dublin 6, D06 Y7A4",Studio,1950000,4.0,4.0,D06 Y7A4,Dublin 6,5,Suburban,1,1,1,https://www.myhome.ie/residential/brochure/26-mountpleasant-avenue-upper-ranelagh-dublin-6/4985012
4989498,"1 Park Court, Glenageary Heights, Glenageary, Co. Dublin, A96 T3Y7",Semi-Detached,645000,3.0,1.0,A96T3Y7,Unknown,10,Outer,1,1,1,https://www.myhome.ie/residential/brochure/1-park-court-glenageary-heights-glenageary-co-dublin/4989498
4966597,"133 Aulden Grange, Santry, Dublin 9, D17 YV61",Semi-Detached,600000,3.0,3.0,D17 YV61,Dublin 9,6,Suburban,1,1,1,https://www.myhome.ie/residential/brochure/133-aulden-grange-santry-dublin-9/4966597
4925796,"16 OAK LAWN, Royal Oak, Santry, Dublin 9, D09 N9WO",Detached,495000,4.0,2.0,D09 N9WO,Dublin 9,6,Suburban,1,1,1,https://www.myhome.ie/residential/brochure/16-oak-lawn-royal-oak-santry-dublin-9/4925796
4988377,"35 WELLMOUNT CRESCENT, Finglas, Dublin 11, D11 T0X3",Apartment,350000,3.0,1.0,D11 T0X3,Dublin 11,7,Suburban,1,0,1,https://www.myhome.ie/residential/brochure/35-wellmount-crescent-finglas-dublin-11/4988377
4986029,"5 Beach Drive, Sandymount, Dublin 4, D04 AF85",Terraced,875000,3.0,1.0,D04 AF85,Dublin 4,5,Suburban,1,1,1,https://www.myhome.ie/residential/brochure/5-beach-drive-sandymount-dublin-4/4986029
4989482,"6 Rosedale Close, Clonee, Dublin 15, County Dublin, D15 X2W4",Apartment,295000,2.0,1.0,D15 X2W4,Dublin 15,12,Outer,1,0,1,https://www.myhome.ie/residential/brochure/6-rosedale-close-clonee-dublin-15-county-dublin/4989482
4980372,"579 Howth Road, Raheny, Dublin 5, D05 W025",Semi-Detached,895000,4.0,2.0,D05W025,Dublin 5,10,Outer,1,1,1,https://www.myhome.ie/residential/brochure/579-howth-road-raheny-dublin-5/4980372
4989488,"14 Maple Close, Castleknock, Dublin 15., D15 P2KH",Semi-Detached,625000,3.0,3.0,D15 P2KH,Dublin 15,12,Outer,1,0,1,https://www.myhome.ie/residential/brochure/14-maple-close-castleknock-dublin-15/4989488
4989424,"Moorea, Kerrymount Avenue, Foxrock, Dublin 18, D18 Y1X9",Detached,3950000,5.0,6.0,D18 Y1X9,Dublin 18,14,Outer,1,1,1,https://www.myhome.ie/residential/brochure/moorea-kerrymount-avenue-foxrock-dublin-18/4989424
4989472,"11 Abbey Park, Monkstown, Blackrock, Co. Dublin, A94 YC42",Semi-Detached,850000,3.0,2.0,A94YC42,Unknown,10,Outer,1,1,1,https://www.myhome.ie/residential/brochure/11-abbey-park-monkstown-blackrock-co-dublin/4989472
4931644,"Palermo, Killiney Hill Road, Killiney, County Dublin, A96 DP66",Terraced,5950000,5.0,5.0,A96DP66,Unknown,10,Outer,1,1,1,https://www.myhome.ie/residential/brochure/palermo-killiney-hill-road-killiney-county-dublin/4931644
4931658,"Palermo and The Mews, Killiney Hill Road, Killiney, County Dublin, A96 RV09",Terraced,7250000,8.0,8.0,A96 RV09,Unknown,10,Outer,1,1,1,https://www.myhome.ie/residential/brochure/palermo-and-the-mews-killiney-hill-road-killiney-county-dublin/4931658
4951934,"5 Pine Grove Park, Swords, Co. Dublin, K67 E9C8",Semi-Detached,625000,5.0,2.0,K67E9C8,Dublin 7,10,Outer,1,1,1,https://www.myhome.ie/residential/brochure/5-pine-grove-park-swords-co-dublin/4951934
4985920,"64 Griffith Parade, Finglas East, Finglas, Dublin 11, D11 E5W8",Terraced,425000,3.0,1.0,D11E5W8,Dublin 11,7,Suburban,1,1,1,https://www.myhome.ie/residential/brochure/64-griffith-parade-finglas-east-finglas-dublin-11/4985920
4988176,"5 The Close , Malahide, County Dublin, K36 A273",Apartment,475000,2.0,2.0,K36 A273,Unknown,10,Outer,1,1,1,https://www.myhome.ie/residential/brochure/5-the-close-malahide-county-dublin/4988176
4989464,"35 Effra Road, Rathmines, Dublin 6, D06 H4C1",Terraced,750000,4.0,5.0,D06 H4C1,Dublin 6,5,Suburban,1,0,1,https://www.myhome.ie/residential/brochure/35-effra-road-rathmines-dublin-6/4989464
4955536,"22 Zion Road, Rathgar, Dublin 6, D06 A970",Semi-Detached,2400000,5.0,4.0,D06 A970,Dublin 6,5,Suburban,1,1,1,https://www.myhome.ie/residential/brochure/22-zion-road-rathgar-dublin-6/4955536
4971226,"1 ardbeg Drive , Artane, Dublin 5, D05 K2E2",Semi-Detached,525000,3.0,2.0,D05K2E2,Dublin 5,10,Outer,1,1,1,https://www.myhome.ie/residential/brochure/1-ardbeg-drive-artane-dublin-5/4971226
4989458,"`1 Ard Mor Park, Citywest, Dublin 24, D24 E7W8",Semi-Detached,325000,3.0,1.0,D24 E7W8,Dublin 24,10,Outer,1,0,1,https://www.myhome.ie/residential/brochure/1-ard-mor-park-citywest-dublin-24/4989458
4951749,"39 Churchtown Road Lower, Churchtown, Dublin 14, D14 DX29",Terraced,975000,3.0,2.0,D14 DX29,Dublin 14,7,Suburban,1,1,1,https://www.myhome.ie/residential/brochure/39-churchtown-road-lower-churchtown-dublin-14/4951749
4989457,"36 Clune Road, Finglas, Dublin 11, D11 N6W7",Apartment,445000,3.0,2.0,D11 N6W7,Dublin 11,7,Suburban,1,0,1,https://www.myhome.ie/residential/brochure/36-clune-road-finglas-dublin-11/4989457
4981735,"27 ST. ANNE'S ROAD, Drumcondra, Dublin 9, D09 X5T8",Apartment,575000,3.0,1.0,D09 X5T8,Dublin 9,6,Suburban,1,1,1,https://www.myhome.ie/residential/brochure/27-st-anne-s-road-drumcondra-dublin-9/4981735
4743193,"7A Glenvara Park, Knocklyon, Dublin 16, D16 Y2R6",Bungalow,550000,3.0,2.0,D16 Y2R6,Dublin 16,10,Outer,1,0,1,https://www.myhome.ie/residential/brochure/7a-glenvara-park-knocklyon-dublin-16/4743193
4989431,"6 Annamoe Terrace, Cabra, Dublin 7, County Dublin, D07 P0A6",Apartment,420000,2.0,2.0,D07 P0A6,Dublin 7,10,Outer,1,0,1,https://www.myhome.ie/residential/brochure/6-annamoe-terrace-cabra-dublin-7-county-dublin/4989431
4968264,"58 Castlegate Grove, Adamstown, Lucan, Co. Dublin., K78 EK53",Studio,510000,5.0,4.0,K78EK53,Unknown,10,Outer,1,0,1,https://www.myhome.ie/residential/brochure/58-castlegate-grove-adamstown-lucan-co-dublin/4968264
4911165,"14 Fawn Lodge, Castleknock, Dublin 15, D15 NH73",Apartment,550000,2.0,2.0,D15 NH73,Dublin 15,12,Outer,1,0,1,https://www.myhome.ie/residential/brochure/14-fawn-lodge-castleknock-dublin-15/4911165
4989409,"405 Beacon One, Beacon Court, Sandyford, Dublin 18, D18 RW86",Studio,395000,2.0,2.0,D18 RW86,Dublin 18,14,Outer,1,1,1,https://www.myhome.ie/residential/brochure/405-beacon-one-beacon-court-sandyford-dublin-18/4989409
4989425,"27 Neilstown Avenue, Clondalkin, Dublin 22, D22 P961",Apartment,320000,3.0,1.0,D22 P961,Dublin 22,10,Outer,1,0,1,https://www.myhome.ie/residential/brochure/27-neilstown-avenue-clondalkin-dublin-22/4989425
4988345,"93 CHARLEMONT, Griffith Avenue, Drumcondra, Dublin 9, D09 K5V9",Semi-Detached,625000,3.0,2.0,D09 K5V9,Dublin 9,6,Suburban,1,1,1,https://www.myhome.ie/residential/brochure/93-charlemont-griffith-avenue-drumcondra-dublin-9/4988345
4989440,"53 Waterloo Lane, Ballsbridge, Dublin 4, D04 T9Y2",Semi-Detached,1150000,2.0,3.0,D04 T9Y2,Dublin 4,5,Suburban,1,1,1,https://www.myhome.ie/residential/brochure/53-waterloo-lane-ballsbridge-dublin-4/4989440
4954601,"172 ELM MOUNT AVENUE, Beaumont, Dublin 9, D09 K2H4",Detached,495000,3.0,1.0,D09K2H4,Dublin 9,6,Suburban,1,1,1,https://www.myhome.ie/residential/brochure/172-elm-mount-avenue-beaumont-dublin-9/4954601
4989396,"33 Sycamore, Ridge Hall, Shanganagh Road, Ballybrack, County Dublin, A96 AF44",Apartment,394950,3.0,2.0,A96AF44,Unknown,10,Outer,1,1,1,https://www.myhome.ie/residential/brochure/33-sycamore-ridge-hall-shanganagh-road-ballybrack-county-dublin/4989396
4989240,"29 The Avenue, Robswall, Malahide, County Dublin, K36 NP58",Studio,1150000,4.0,5.0,K36 NP58,Unknown,10,Outer,1,1,1,https://www.myhome.ie/residential/brochure/29-the-avenue-robswall-malahide-county-dublin/4989240
4975702,"23 Garryknock, Castleknock, Dublin 15, D15 Y8CK",Apartment,450000,2.0,2.0,D15 Y8CK,Dublin 15,12,Outer,1,0,1,https://www.myhome.ie/residential/brochure/23-garryknock-castleknock-dublin-15/4975702
4989386,"63 Castleknock Way, Laurel Lodge, Castleknock, Dublin 15, D15 FY02",Semi-Detached,595000,3.0,2.0,D15 FY02,Dublin 15,12,Outer,1,0,1,https://www.myhome.ie/residential/brochure/63-castleknock-way-laurel-lodge-castleknock-dublin-15/4989386
4989432,"52 Thomas Hand Street, Skerries, Dublin, K34 AK40",Terraced,575000,3.0,2.0,K34AK40,Unknown,10,Outer,1,1,0,https://www.myhome.ie/residential/brochure/52-thomas-hand-street-skerries-dublin/4989432
4989390,"651 Carnlough Road, Cabra, Dublin 7, D07 FV05",End of Terrace,420000,2.0,2.0,D07FV05,Dublin 7,10,Outer,1,0,1,https://www.myhome.ie/residential/brochure/651-carnlough-road-cabra-dublin-7/4989390
4989388,"2 Cairnbrook View, Carrickmines, Dublin, D18 VE89",Apartment,490000,2.0,2.0,D18VE89,Dublin 18,14,Outer,1,1,1,https://www.myhome.ie/residential/brochure/2-cairnbrook-view-carrickmines-dublin/4989388
4989414,"19 Blackthorn Hill Close, Rathcoole, Co. Dublin, D24 T04N",Apartment,270000,2.0,2.0,D24 T04N,Dublin 24,10,Outer,1,0,1,https://www.myhome.ie/residential/brochure/19-blackthorn-hill-close-rathcoole-co-dublin/4989414
4985431,"Rathleigh, Newtown Lane, Mount Venus Road, Rathfarnham, Dublin 16, D16 FX58",Detached,975000,4.0,3.0,D16FX58,Dublin 16,10,Outer,1,1,1,https://www.myhome.ie/residential/brochure/rathleigh-newtown-lane-mount-venus-road-rathfarnham-dublin-16/4985431
4936460,"Apartment 6 Beverley Court, Vernon Avenue, Clontarf, Dublin 3, D03 F7T2",Studio,370000,2.0,1.0,D03 F7T2,Dublin 3,4,Suburban,1,1,1,https://www.myhome.ie/residential/brochure/apartment-6-beverley-court-vernon-avenue-clontarf-dublin-3/4936460
4989360,"75 The Forum, Ballymoss Road, Dublin 18, D18 V094",Studio,350000,1.0,1.0,D18 V094,Dublin 18,14,Outer,1,1,1,https://www.myhome.ie/residential/brochure/75-the-forum-ballymoss-road-dublin-18/4989360
4989387,"23 Valentia House, 557 North Circular Road, Dublin 7, D07 E2T6",Studio,495000,3.0,2.0,D07E2T6,Dublin 7,10,Outer,1,0,1,https://www.myhome.ie/residential/brochure/23-valentia-house-557-north-circular-road-dublin-7/4989387
4988382,"Apartment 29, Manor Hall, Kilmainham, Dublin 8, Dublin, D08 TW98",Studio,390000,2.0,1.0,D08TW98,Dublin 8,3,City Centre,1,0,1,https://www.myhome.ie/residential/brochure/apartment-29-manor-hall-kilmainham-dublin-8-dublin/4988382
4989355,"16 Kincora Court, Clontarf, Dublin 3, County Dublin, D03 N2P1",End of Terrace,650000,3.0,2.0,D03 N2P1,Dublin 3,4,Suburban,1,1,1,https://www.myhome.ie/residential/brochure/16-kincora-court-clontarf-dublin-3-county-dublin/4989355
4989367,"17 Kilbarron Road, Coolock, Dublin 5, D05 W984",Semi-Detached,349000,3.0,1.0,D05W984,Dublin 5,10,Outer,1,1,1,https://www.myhome.ie/residential/brochure/17-kilbarron-road-coolock-dublin-5/4989367
4987360,"48 Leopardstown Avenue, Blackrock, Co. Dublin, A94 TY02",Semi-Detached,895000,4.0,4.0,A94 TY02,Dublin 18,14,Outer,1,1,1,https://www.myhome.ie/residential/brochure/48-leopardstown-avenue-blackrock-co-dublin/4987360
4973439,"The Beacon, Pebble Cove, Portmarnock, County Dublin",Terraced,705000,3.0,3.0,D13 F884,Dublin 13,10,Outer,1,1,1,https://www.myhome.ie/residential/brochure/the-beacon-pebble-cove-portmarnock-county-dublin/4973439
4955158,"10 The Coppins, Brighton Road, Foxrock, Dublin 18, D18 T3C1",Detached,1400000,5.0,3.0,D18T3C1,Dublin 18,14,Outer,1,1,1,https://www.myhome.ie/residential/brochure/10-the-coppins-brighton-road-foxrock-dublin-18/4955158
4989368,"117 Lioscian, Swords, County Dublin, K67 X336",Studio,395000,3.0,2.0,K67 X336,Unknown,10,Outer,1,1,1,https://www.myhome.ie/residential/brochure/117-lioscian-swords-county-dublin/4989368
4989365,"2 30 James's Walk, Rialto, Dublin 8, D08 RX90",Studio,275000,1.0,1.0,D08RX90,Dublin 8,3,City Centre,1,0,1,https://www.myhome.ie/residential/brochure/2-30-james-s-walk-rialto-dublin-8/4989365
4989374,"74 Sandford Wood, Swords, County Dublin, K67 TD30",Semi-Detached,660000,4.0,3.0,K67 TD30,Unknown,10,Outer,1,1,1,https://www.myhome.ie/residential/brochure/74-sandford-wood-swords-county-dublin/4989374
4904725,"The Adler, 2 Bedroom House, Redford, Adamstown, Lucan, Co. Dublin",Terraced,500000,2.0,3.0,K78H8E5,Dublin 2,1,City Centre,1,0,1,https://www.myhome.ie/residential/brochure/the-adler-2-bedroom-house-redford-adamstown-lucan-co-dublin/4904725
4986562,"Apartment 20 Lisalea, Frascati Park, Blackrock, Dublin, A94 V008",Studio,470000,2.0,1.0,A94 V008,Dublin 2,1,City Centre,1,1,1,https://www.myhome.ie/residential/brochure/apartment-20-lisalea-frascati-park-blackrock-dublin/4986562
4989283,"8 Park Lane , Clongriffin, Dublin 13, D13 P1H2",Apartment,545000,3.0,3.0,D13 P1H2,Dublin 13,10,Outer,1,1,1,https://www.myhome.ie/residential/brochure/8-park-lane-clongriffin-dublin-13/4989283
4986080,"6 Argyle Road, Donnybrook, Dublin 4, D04 A7K7",Semi-Detached,2600000,4.0,2.0,D04 A7K7,Dublin 4,5,Suburban,1,1,1,https://www.myhome.ie/residential/brochure/6-argyle-road-donnybrook-dublin-4/4986080
4989363,"6 Broadfield Grange, Broadfield Manor, Rathcoole, Co. Dublin, D24 X6VH",Semi-Detached,495000,4.0,3.0,D24 X6VH,Dublin 24,10,Outer,1,0,1,https://www.myhome.ie/residential/brochure/6-broadfield-grange-broadfield-manor-rathcoole-co-dublin/4989363
4989373,"48 Fortunes Lawn, Citywest Drive, Citywest, Co. Dublin, D24 HN47",Studio,295000,2.0,2.0,D24 HN47,Dublin 24,10,Outer,1,0,1,https://www.myhome.ie/residential/brochure/48-fortunes-lawn-citywest-drive-citywest-co-dublin/4989373
4977881,"2 Wainsfort Road, Terenure, Dublin 6W, D6W XT52",Apartment,925000,4.0,3.0,D06H6V2,Dublin 6,5,Suburban,1,0,1,https://www.myhome.ie/residential/brochure/2-wainsfort-road-terenure-dublin-6w/4977881
4989187,"13 Aengus Hall, Tallaght, Dublin 24, D24 KC66",Studio,245000,2.0,1.0,D24KC66,Dublin 24,10,Outer,1,0,1,https://www.myhome.ie/residential/brochure/13-aengus-hall-tallaght-dublin-24/4989187
4981901,"10 Kingsland, Beaverstown Road, Donabate, Co. Dublin, K36 A432",Semi-Detached,650000,4.0,4.0,K36 A432,Unknown,10,Outer,1,1,1,https://www.myhome.ie/residential/brochure/10-kingsland-beaverstown-road-donabate-co-dublin/4981901
4989324,"Apartment 7 Pakenham House, Spencer Dock, IFSC, Dublin 1, D01 R681",Studio,455000,2.0,2.0,D01R681,Dublin 1,1,City Centre,1,1,1,https://www.myhome.ie/residential/brochure/apartment-7-pakenham-house-spencer-dock-ifsc-dublin-1/4989324
4989328,"22 Phibblestown Wood, Clonee, Dublin 15, D15 YF86",Semi-Detached,395000,3.0,3.0,D15YF86,Dublin 15,12,Outer,1,0,1,https://www.myhome.ie/residential/brochure/22-phibblestown-wood-clonee-dublin-15/4989328
4935516,"""Tenby"" 10B Seafield Road, Clontarf, Dublin 3, D03 YF51",Semi-Detached,1000000,3.0,1.0,D03 YF51,Dublin 3,4,Suburban,1,1,1,https://www.myhome.ie/residential/brochure/tenby-10b-seafield-road-clontarf-dublin-3/4935516
4981863,"17 Vernon Grove, Clontarf, Dublin 3, D03 C3H6",Semi-Detached,925000,3.0,3.0,D03 C3H6,Dublin 3,4,Suburban,1,1,1,https://www.myhome.ie/residential/brochure/17-vernon-grove-clontarf-dublin-3/4981863
4989327,"30 St Cathryn's Court, Newgrove Avenue, Sandymount, Dublin 4, D04 CF64",Studio,775000,2.0,2.0,D04 CF64,Dublin 4,5,Suburban,1,1,1,https://www.myhome.ie/residential/brochure/30-st-cathryn-s-court-newgrove-avenue-sandymount-dublin-4/4989327
4906693,"2 Castle Court, Clontarf, Dublin 3, D03 X0H7",Detached,1650000,4.0,5.0,D03 X0H7,Dublin 3,4,Suburban,1,1,1,https://www.myhome.ie/residential/brochure/2-castle-court-clontarf-dublin-3/4906693
4986686,"36A Binn Eadair View, Sutton, Dublin 13, D13 E6P1",Semi-Detached,495000,2.0,1.0,D13 E6P1,Dublin 13,10,Outer,1,1,1,https://www.myhome.ie/residential/brochure/36a-binn-eadair-view-sutton-dublin-13/4986686
4967923,"154 Cashel Road, Crumlin, Dublin 12, D12 K5X6",Terraced,374950,2.0,1.0,D12K5X6,Dublin 12,6,Suburban,1,0,1,https://www.myhome.ie/residential/brochure/154-cashel-road-crumlin-dublin-12/4967923
4989351,"5 Mount Street Lower, Dublin 2, D02 VP68",Duplex,2500000,6.0,7.0,D02 VP68,Dublin 2,1,City Centre,1,1,1,https://www.myhome.ie/residential/brochure/5-mount-street-lower-dublin-2/4989351
4989278,"6 Coolkill, Sandyford, Dublin 18, D18 X8W6",Detached,875000,5.0,3.0,D18 X8W6,Dublin 18,14,Outer,1,1,1,https://www.myhome.ie/residential/brochure/6-coolkill-sandyford-dublin-18/4989278
4989330,"27 Cushlawn Drive, Killinarden, Tallaght, Dublin 24, D24 F2A3",Apartment,330000,3.0,2.0,D24F2A3,Dublin 24,10,Outer,1,0,1,https://www.myhome.ie/residential/brochure/27-cushlawn-drive-killinarden-tallaght-dublin-24/4989330
4989348,"9 Applewood Main Street, Applewood, Swords, Co. Dublin, K67 XE63",Apartment,395000,3.0,3.0,K67 XE63,Unknown,10,Outer,1,1,1,https://www.myhome.ie/residential/brochure/9-applewood-main-street-applewood-swords-co-dublin/4989348
4989341,"226 Phibsboro Road,Dublin 7, Phibsborough, Dublin 7, D07 YR8F",Apartment,840000,5.0,3.0,D07 YR8F,Dublin 7,10,Outer,1,0,1,https://www.myhome.ie/residential/brochure/226-phibsboro-road-dublin-7-phibsborough-dublin-7/4989341
4972368,"Type C, Yourell's Meadows, The Back Road, Malahide, County Dublin",Semi-Detached,715000,3.0,3.0,K36 AW22,Dublin 13,10,Outer,1,1,1,https://www.myhome.ie/residential/brochure/type-c-yourell-s-meadows-the-back-road-malahide-county-dublin/4972368
4989350,"26 Lanesborough Drive, Finglas, Dublin 11, County Dublin, D11 F205",Apartment,395000,3.0,3.0,D11 F205,Dublin 11,7,Suburban,1,1,1,https://www.myhome.ie/residential/brochure/26-lanesborough-drive-finglas-dublin-11-county-dublin/4989350
4989319,"7 Park View, Hansfield Wood, Clonsilla, Dublin, D15 DY2W",Semi-Detached,525000,3.0,3.0,D15DY2W,Dublin 15,12,Outer,1,0,1,https://www.myhome.ie/residential/brochure/7-park-view-hansfield-wood-clonsilla-dublin/4989319
4989339,"21 Greentrees Road, Terenure, Dublin 12, County Dublin, D12 AC66",Semi-Detached,625000,3.0,2.0,D12 AC66,Dublin 12,6,Suburban,1,0,1,https://www.myhome.ie/residential/brochure/21-greentrees-road-terenure-dublin-12-county-dublin/4989339
4989281,"12 Coldwell Street, Glasthule, Dublin, A96 XV25",Terraced,325000,1.0,1.0,A96 XV25,Unknown,10,Outer,1,1,1,https://www.myhome.ie/residential/brochure/12-coldwell-street-glasthule-dublin/4989281
4985203,"Villa Maria, 63 Bird Avenue, Clonskeagh, Dublin 14, County Dublin, D14 C965",Semi-Detached,1150000,4.0,2.0,D14 C965,Dublin 14,7,Suburban,1,1,1,https://www.myhome.ie/residential/brochure/villa-maria-63-bird-avenue-clonskeagh-dublin-14-county-dublin/4985203
4989305,"146 The Lighthouse, Church Road, East Wall, Dublin 3",Studio,495000,3.0,2.0,D03 XY06,Dublin 3,4,Suburban,1,1,1,https://www.myhome.ie/residential/brochure/146-the-lighthouse-church-road-east-wall-dublin-3/4989305
4989294,"35 Kelly's Bay Cliffs, Skerries, Dublin, K34 YF89",Semi-Detached,549000,3.0,3.0,K34 YF89,Unknown,10,Outer,1,0,0,https://www.myhome.ie/residential/brochure/35-kelly-s-bay-cliffs-skerries-dublin/4989294
4983430,"14 Sutton Downs, Sutton, Dublin 13, D13 A0P9",Semi-Detached,895000,5.0,3.0,D13 A0P9,Dublin 13,10,Outer,1,1,1,https://www.myhome.ie/residential/brochure/14-sutton-downs-sutton-dublin-13/4983430
4989317,"12 St Clement's Road, Drumcondra, Dublin 9, D09 E6C2",Apartment,675000,4.0,2.0,D09 E6C2,Dublin 9,6,Suburban,1,0,1,https://www.myhome.ie/residential/brochure/12-st-clement-s-road-drumcondra-dublin-9/4989317
4989313,"14 Bremore Pastures Way, Balbriggan, County Dublin, K32 TK92",Duplex,285000,3.0,2.0,K32 TK92,Dublin 11,7,Suburban,1,1,0,https://www.myhome.ie/residential/brochure/14-bremore-pastures-way-balbriggan-county-dublin/4989313
4989311,"48 Hollybrook Grove, Clontarf, Dublin 3, County Dublin, D03 X652",Semi-Detached,500000,3.0,1.0,D03 X652,Dublin 3,4,Suburban,1,1,1,https://www.myhome.ie/residential/brochure/48-hollybrook-grove-clontarf-dublin-3-county-dublin/4989311
4989299,"24 timbermills Artane , Artane, Dublin 5, D05 X864",Apartment,365000,2.0,1.0,D05X864,Dublin 5,10,Outer,1,1,1,https://www.myhome.ie/residential/brochure/24-timbermills-artane-artane-dublin-5/4989299
4979814,"135 Upper Leeson Street, Ballsbridge, Dublin 4, D04 E5Y6",Terraced,1200000,3.0,3.0,D04E5Y6,Dublin 4,5,Suburban,1,0,0,https://www.myhome.ie/residential/brochure/135-upper-leeson-street-ballsbridge-dublin-4/4979814
4989302,"17 Comerford's Cross, Strand Road, Portmarnock, County Dublin, D13 XD92",Studio,535000,3.0,2.0,D13XD92,Dublin 13,10,Outer,1,1,1,https://www.myhome.ie/residential/brochure/17-comerford-s-cross-strand-road-portmarnock-county-dublin/4989302
4989241,"285 Seapark, Malahide, County Dublin, K36 TD30",Detached,1095000,4.0,2.0,K36 TD30,Dublin 3,4,Suburban,1,1,1,https://www.myhome.ie/residential/brochure/285-seapark-malahide-county-dublin/4989241
4987862,"89 Foster Avenue, Mount Merrion, Co. Dublin, A94 N527",Detached,1450000,4.0,2.0,A94 N527,Unknown,10,Outer,1,1,1,https://www.myhome.ie/residential/brochure/89-foster-avenue-mount-merrion-co-dublin/4987862
4985504,"Apartment 12, Block A, BLACKHALL SQUARE (with Parking Space Option), North King Street, Smithfield, Dublin 7, D07 ET93",Apartment,335000,2.0,1.0,D07 ET93,Dublin 7,10,Outer,1,0,1,https://www.myhome.ie/residential/brochure/apartment-12-block-a-blackhall-square-with-parking-space-option-north-king-street-smithfield-dublin-/4985504
4954960,"184 Downpatrick Road, Crumlin, Dublin 12, D12 A3K8",Studio,374950,2.0,2.0,D12A3K8,Dublin 12,6,Suburban,1,0,1,https://www.myhome.ie/residential/brochure/184-downpatrick-road-crumlin-dublin-12/4954960
4987118,"4 Cabinteely Wood, Cabinteely, Dublin 18",End of Terrace,845000,4.0,5.0,D18AK03,Dublin 18,14,Outer,1,1,1,https://www.myhome.ie/residential/brochure/4-cabinteely-wood-cabinteely-dublin-18/4987118
4774580,"55 John McCormack Avenue, Walkinstown, Dublin 12, D12 P2E2",Studio,449950,3.0,2.0,D12P2E2,Dublin 12,6,Suburban,1,0,1,https://www.myhome.ie/residential/brochure/55-john-mccormack-avenue-walkinstown-dublin-12/4774580
4989289,"64 Shanagarry, Milltown Road, Milltown, Dublin 6, D06 XD96",Apartment,450000,2.0,1.0,D06 XD96,Dublin 6,5,Suburban,1,1,1,https://www.myhome.ie/residential/brochure/64-shanagarry-milltown-road-milltown-dublin-6/4989289
4989258,"201b Howth Road, Clontarf, Dublin 3, D03 F8C8",Detached,1395000,3.0,3.0,D03 F8C8,Dublin 3,4,Suburban,1,1,1,https://www.myhome.ie/residential/brochure/201b-howth-road-clontarf-dublin-3/4989258
4989267,"120 Bunting Road, Walkinstown, Dublin 12, D12 Y9FS",Terraced,459000,3.0,2.0,D12Y9FS,Dublin 12,6,Suburban,1,0,1,https://www.myhome.ie/residential/brochure/120-bunting-road-walkinstown-dublin-12/4989267
4989274,"30 Hillsbrook Avenue, Perrystown, Dublin 12, County Dublin, D12 W528",Terraced,625000,3.0,2.0,D12 W528,Dublin 12,6,Suburban,1,0,1,https://www.myhome.ie/residential/brochure/30-hillsbrook-avenue-perrystown-dublin-12-county-dublin/4989274
4989282,"108 ST. DECLAN'S ROAD, Marino, Dublin 3, D03 N8X0",Apartment,575000,3.0,1.0,D03 N8X0,Dublin 3,4,Suburban,1,1,1,https://www.myhome.ie/residential/brochure/108-st-declan-s-road-marino-dublin-3/4989282
4989264,"50 Foxborough Road, Lucan, Dublin, K78 A594",Semi-Detached,435000,4.0,2.0,K78 A594,Dublin 22,10,Outer,1,0,1,https://www.myhome.ie/residential/brochure/50-foxborough-road-lucan-dublin/4989264
4979399,"29 Camac Park, Bluebell, Dublin 12, D12 A971",Detached,400000,4.0,3.0,D12A971,Dublin 12,6,Suburban,1,0,1,https://www.myhome.ie/residential/brochure/29-camac-park-bluebell-dublin-12/4979399
4984939,"23 Murtagh Road, Stoneybatter, Dublin 7, D07 R5H6",Studio,520000,2.0,1.0,D07R5H6,Dublin 7,10,Outer,1,0,1,https://www.myhome.ie/residential/brochure/23-murtagh-road-stoneybatter-dublin-7/4984939
4989279,"36 Broadfield Drive, Rathcoole, Co. Dublin, D24 XY10",Detached,495000,4.0,4.0,D24XY10,Dublin 24,10,Outer,1,0,1,https://www.myhome.ie/residential/brochure/36-broadfield-drive-rathcoole-co-dublin/4989279
4963820,"12 Waterloo Road, Ballsbridge, Dublin 4, D04 Y7H7",Apartment,2000000,4.0,3.0,D04 Y7H7,Dublin 4,5,Suburban,1,1,1,https://www.myhome.ie/residential/brochure/12-waterloo-road-ballsbridge-dublin-4/4963820
4983998,"2 Hogan Square, Hogan Place, Dublin 2, D02 EF95",Apartment,445000,2.0,1.0,D02 EF95,Dublin 2,1,City Centre,1,1,1,https://www.myhome.ie/residential/brochure/2-hogan-square-hogan-place-dublin-2/4983998
4989268,"23 Knocklyon Grove, Knocklyon, Dublin 16, D16 Y443",Bungalow,695000,3.0,2.0,D16 Y443,Dublin 16,10,Outer,1,0,1,https://www.myhome.ie/residential/brochure/23-knocklyon-grove-knocklyon-dublin-16/4989268
4960910,"10 St Lawrence Road, Clontarf, Dublin 3, D03 H678",Terraced,750000,4.0,2.0,D03 H678,Dublin 3,4,Suburban,1,1,1,https://www.myhome.ie/residential/brochure/10-st-lawrence-road-clontarf-dublin-3/4960910
4948321,"14 Geoffrey Keating Road, South Circular Road, Dublin 8, D08 W8N4",Studio,525000,3.0,2.0,D08 W8N4,Dublin 8,3,City Centre,1,0,1,https://www.myhome.ie/residential/brochure/14-geoffrey-keating-road-south-circular-road-dublin-8/4948321
4986480,"16 Glenalua Road, Killiney, Co. Dublin, A96 VK28",Semi-Detached,750000,3.0,2.0,A96VK28,Unknown,10,Outer,1,1,1,https://www.myhome.ie/residential/brochure/16-glenalua-road-killiney-co-dublin/4986480
4989250,"58 Grange View Place, Grange View Road, Dublin 22, Dublin, D22 YT97",Apartment,275000,2.0,1.0,D22 YT97,Dublin 22,10,Outer,1,0,1,https://www.myhome.ie/residential/brochure/58-grange-view-place-grange-view-road-dublin-22-dublin/4989250
4989284,"10 Pigeon House Road, Ringsend, Dublin 4, County Dublin, D04 DX62",Terraced,550000,2.0,1.0,D04 DX62,Dublin 4,5,Suburban,1,1,1,https://www.myhome.ie/residential/brochure/10-pigeon-house-road-ringsend-dublin-4-county-dublin/4989284
4986184,"5 St James Terrace, Clonskeagh Road, Dublin 6, D06 XOK5",Semi-Detached,5250000,5.0,4.0,D06XOK5,Dublin 6,5,Suburban,1,1,1,https://www.myhome.ie/residential/brochure/5-st-james-terrace-clonskeagh-road-dublin-6/4986184
4986835,"2 The Orchard, Killester, Dublin 5, D05 A990",Terraced,395000,2.0,2.0,D05A990,Dublin 5,10,Outer,1,1,1,https://www.myhome.ie/residential/brochure/2-the-orchard-killester-dublin-5/4986835
4989270,"7 Semple House, Custom House Square, IFSC, Dublin 1, D01 T1X2",Studio,295000,1.0,1.0,D01 T1X2,Dublin 1,1,City Centre,1,1,1,https://www.myhome.ie/residential/brochure/7-semple-house-custom-house-square-ifsc-dublin-1/4989270
4989251,"3 Kilbarron Avenue, Coolock, Dublin 5, D05 HR94",Apartment,375000,3.0,1.0,D05HR94,Dublin 5,10,Outer,1,1,1,https://www.myhome.ie/residential/brochure/3-kilbarron-avenue-coolock-dublin-5/4989251
4986284,"19 Park House, Baldoyle, Dublin 13, D13 CFTO",Terraced,695000,3.0,3.0,D13CFTO,Dublin 13,10,Outer,1,1,1,https://www.myhome.ie/residential/brochure/19-park-house-baldoyle-dublin-13/4986284
4989223,"83 Kill Lane, Foxrock, Dublin 18, D18 R8X2",Detached,860000,4.0,2.0,D18 R8X2,Dublin 18,14,Outer,1,1,1,https://www.myhome.ie/residential/brochure/83-kill-lane-foxrock-dublin-18/4989223
4939195,"6 Galtrim Grange, Malahide, County Dublin, K36 H306",Detached,850000,4.0,3.0,K36H306,Unknown,10,Outer,1,1,1,https://www.myhome.ie/residential/brochure/6-galtrim-grange-malahide-county-dublin/4939195
4986860,"45 The Village, Bettyglen, Raheny, Dublin 5, D05 K164",Terraced,550000,2.0,1.0,D05K164,Dublin 5,10,Outer,1,1,1,https://www.myhome.ie/residential/brochure/45-the-village-bettyglen-raheny-dublin-5/4986860
4986563,"79 Patrick Street, Dun Laoghaire, Co. Dublin, A96 WP94",Semi-Detached,1150000,3.0,2.0,A96 WP94,Unknown,10,Outer,1,1,1,https://www.myhome.ie/residential/brochure/79-patrick-street-dun-laoghaire-co-dublin/4986563
4972361,"Type A, Yourell's Meadows, The Back Road, Malahide, County Dublin",Semi-Detached,20000,3.0,3.0,K36 AW22,Unknown,10,Outer,1,1,1,https://www.myhome.ie/residential/brochure/type-a-yourell-s-meadows-the-back-road-malahide-county-dublin/4972361
4988778,"80 Castleknock Laurels, Laurel Lodge, Castleknock, Dublin 15, County Dublin, D15 KT20",Semi-Detached,530000,3.0,1.0,D15 KT20,Dublin 15,12,Outer,1,0,1,https://www.myhome.ie/residential/brochure/80-castleknock-laurels-laurel-lodge-castleknock-dublin-15-county-dublin/4988778
4931130,"89 Strand Road, Sandymount, Dublin 4, D04 T1K2",Terraced,1750000,3.0,2.0,D04 T1K2,Dublin 4,5,Suburban,1,1,1,https://www.myhome.ie/residential/brochure/89-strand-road-sandymount-dublin-4/4931130
4936180,"45 Foxrock Manor, Foxrock, Dublin 18, D18 K2E1",Terraced,1695000,5.0,3.0,D18K2E1,Dublin 18,14,Outer,1,1,1,https://www.myhome.ie/residential/brochure/45-foxrock-manor-foxrock-dublin-18/4936180
4975629,"Site to Rere of, 32/33 Palmerston Road, Rathmines, Dublin 6",Detached,420000,2.0,3.0,D06 Y6N7,Dublin 6,5,Suburban,1,1,1,https://www.myhome.ie/residential/brochure/site-to-rere-of-32-33-palmerston-road-rathmines-dublin-6/4975629
4981047,"APT 26 TEMPLE GARDENS, Northwood, Santry, Dublin 9, D09 NT93",Apartment,325000,2.0,2.0,D09 NT93,Dublin 9,6,Suburban,1,1,1,https://www.myhome.ie/residential/brochure/apt-26-temple-gardens-northwood-santry-dublin-9/4981047
4969679,"29 Eaton Close , Rathcoole, Rathcoole, County Dublin, D24 XR52",Apartment,310000,2.0,1.0,D24XR52,Unknown,10,Outer,1,0,1,https://www.myhome.ie/residential/brochure/29-eaton-close-rathcoole-rathcoole-county-dublin/4969679
4982017,"1 MERVILLE VILLAS, Convent Avenue, Drumcondra, Dublin 3, D03 E7R2",End of Terrace,550000,3.0,1.0,D03 E7R2,Dublin 3,4,Suburban,1,1,1,https://www.myhome.ie/residential/brochure/1-merville-villas-convent-avenue-drumcondra-dublin-3/4982017
4666554,"2 Bedroom Apartments, Kilbride Lodge, Castleknock Village, Castleknock, Dublin 15",Apartment,700000,2.0,2.0,D15Y9HR,Dublin 15,12,Outer,1,0,1,https://www.myhome.ie/residential/brochure/2-bedroom-apartments-kilbride-lodge-castleknock-village-castleknock-dublin-15/4666554
4986560,"89 Rochestown Avenue, Dun Laoghaire, Co. Dublin, A96 PY02",Detached,765000,4.0,3.0,A96 PY02,Unknown,10,Outer,1,1,1,https://www.myhome.ie/residential/brochure/89-rochestown-avenue-dun-laoghaire-co-dublin/4986560
4953056,"13 ADERRIG HEIGHTS, Adamstown, Lucan, County Dublin, K78 R6C1",Studio,450000,2.0,2.0,K78 R6C1,Dublin 9,6,Suburban,1,0,1,https://www.myhome.ie/residential/brochure/13-aderrig-heights-adamstown-lucan-county-dublin/4953056
4963019,"16 Hyde Court, Townsend Street, Dublin 2, D02 RR68",Studio,445000,2.0,1.0,D02 RR68,Dublin 2,1,City Centre,1,1,1,https://www.myhome.ie/residential/brochure/16-hyde-court-townsend-street-dublin-2/4963019
4982037,"54 Carrickbrack Hill, Sutton, Dublin 13, D13 Y9N7",Detached,1050000,4.0,4.0,D13Y9N7,Dublin 13,10,Outer,1,1,1,https://www.myhome.ie/residential/brochure/54-carrickbrack-hill-sutton-dublin-13/4982037
4973442,"The Dune ,Pebble Cove, Portmarnock, County Dublin",Terraced,880000,4.0,3.0,D13 F884,Dublin 13,10,Outer,1,1,1,https://www.myhome.ie/residential/brochure/the-dune-pebble-cove-portmarnock-county-dublin/4973442
4989236,"105 Galloping Green, Stillorgan Road, Blackrock, County Dublin, A94 XD28",Apartment,445000,2.0,2.0,A94XD28,Dublin 18,14,Outer,1,1,1,https://www.myhome.ie/residential/brochure/105-galloping-green-stillorgan-road-blackrock-county-dublin/4989236
4987940,"Craigholm, Brighton Road, Foxrock, Dublin 18, D18 H1F3",Detached,4500000,6.0,5.0,D18 H1F3,Dublin 18,14,Outer,1,1,1,https://www.myhome.ie/residential/brochure/craigholm-brighton-road-foxrock-dublin-18/4987940
4989216,"80 Waterloo Road, Ballsbridge, Dublin 4, D04 K2W5",Terraced,1975000,5.0,2.0,D04 K2W5,Dublin 4,5,Suburban,1,1,1,https://www.myhome.ie/residential/brochure/80-waterloo-road-ballsbridge-dublin-4/4989216
4981599,"CÚL NA DTONN, 130 Carrickbrack Road, Sutton, Dublin 13, D13 AX59",Detached,1200000,5.0,2.0,D13 AX59,Dublin 13,10,Outer,1,1,1,https://www.myhome.ie/residential/brochure/c-l-na-dtonn-130-carrickbrack-road-sutton-dublin-13/4981599
4983063,"60 Foxrock Park, Foxrock, Dublin 18, D18 ED91",Detached,975000,4.0,2.0,D18ED91,Dublin 18,14,Outer,1,1,1,https://www.myhome.ie/residential/brochure/60-foxrock-park-foxrock-dublin-18/4983063
4989194,"6 Rectory Green, Riverston Abbey, Navan Road, D07 FN20",Semi-Detached,595000,3.0,3.0,D07FN20,Dublin 7,10,Outer,1,0,1,https://www.myhome.ie/residential/brochure/6-rectory-green-riverston-abbey-navan-road/4989194
4960228,"Carrigkeal, 26 Carrickbrack Road, The Baily, Howth, Co. Dublin, D13 V295",Terraced,5000000,5.0,3.0,D13 V295,Dublin 13,10,Outer,1,1,1,https://www.myhome.ie/residential/brochure/carrigkeal-26-carrickbrack-road-the-baily-howth-co-dublin/4960228
4947949,"5 Beau Park Place, Clongriffin, Dublin 13, D13 V8R9",Terraced,425000,3.0,2.0,D13 V8R9,Dublin 13,10,Outer,1,1,1,https://www.myhome.ie/residential/brochure/5-beau-park-place-clongriffin-dublin-13/4947949
4971560,"3 Bed House, Ard Valley, Cabinteely, Dublin 18",Semi-Detached,995000,3.0,3.0,D18K7W2,Dublin 18,14,Outer,1,1,1,https://www.myhome.ie/residential/brochure/3-bed-house-ard-valley-cabinteely-dublin-18/4971560
4986082,"71 North Street, Swords, County Dublin, A67 VY84",Terraced,450000,3.0,2.0,A67VY84,Unknown,10,Outer,1,1,1,https://www.myhome.ie/residential/brochure/71-north-street-swords-county-dublin/4986082
4989209,"131a Rathfarnham Road, Rathfarnham, Dublin 14, D14 X0W6",Detached,750000,3.0,3.0,D14 X0W6,Dublin 14,7,Suburban,1,0,1,https://www.myhome.ie/residential/brochure/131a-rathfarnham-road-rathfarnham-dublin-14/4989209
4977272,"Apartment 7, The Cedars, Grove House Apartments, Milltown Road, Milltown, Dublin 6, D06 A403",Studio,590000,2.0,2.0,D06 A403,Dublin 6,5,Suburban,1,0,1,https://www.myhome.ie/residential/brochure/apartment-7-the-cedars-grove-house-apartments-milltown-road-milltown-dublin-6/4977272
4989201,"127 Ballyfermot Parade, Ballyfermot, Dublin 10, D10 PX28",End of Terrace,350000,3.0,3.0,D10PX28,Dublin 10,8,Suburban,1,0,1,https://www.myhome.ie/residential/brochure/127-ballyfermot-parade-ballyfermot-dublin-10/4989201
4989205,"30 Linden Grove, Blackrock, Co. Dublin, A94 T273",Semi-Detached,1095000,4.0,2.0,A94T273,Unknown,10,Outer,1,1,1,https://www.myhome.ie/residential/brochure/30-linden-grove-blackrock-co-dublin/4989205
4929952,"2 Oaklands Park, Sandymount, Dublin 4, D04 E135",Semi-Detached,1845000,5.0,4.0,D04E135,Dublin 4,5,Suburban,1,1,1,https://www.myhome.ie/residential/brochure/2-oaklands-park-sandymount-dublin-4/4929952
4989210,"144 The Gallery, Turvey Walk, Donabate, Co. Dublin, K36 EH39",Studio,350000,2.0,2.0,K36 EH39,Unknown,10,Outer,1,1,1,https://www.myhome.ie/residential/brochure/144-the-gallery-turvey-walk-donabate-co-dublin/4989210
4985278,"The Mews, 61 Serpentine Avenue, Sandymount, Dublin 4, D04 R6A2",Detached,1150000,4.0,4.0,D04 R6A2,Dublin 4,5,Suburban,1,1,1,https://www.myhome.ie/residential/brochure/the-mews-61-serpentine-avenue-sandymount-dublin-4/4985278
4989211,"36 Tayleurs Point, Rush, Co. Dublin, K56 KW66",Apartment,395000,4.0,3.0,K56KW66,Dublin 8,3,City Centre,1,1,0,https://www.myhome.ie/residential/brochure/36-tayleurs-point-rush-co-dublin/4989211
4989017,"46 Beech Park Road, Foxrock, Dublin 18, D18 H2K7",Detached,925000,4.0,2.0,D18 H2K7,Dublin 18,14,Outer,1,1,1,https://www.myhome.ie/residential/brochure/46-beech-park-road-foxrock-dublin-18/4989017
4947656,"4 Northbrook Villas, Northbrook Road, Ranelagh, Dublin 6, D06 PT97",Studio,1095000,2.0,2.0,D06PT97,Dublin 6,5,Suburban,1,1,1,https://www.myhome.ie/residential/brochure/4-northbrook-villas-northbrook-road-ranelagh-dublin-6/4947656
4989190,"23 Saint Mary's Street, Dun Laoghaire, Co. Dublin, A96 PX07",End of Terrace,550000,3.0,1.0,A96 PX07,Unknown,10,Outer,1,1,1,https://www.myhome.ie/residential/brochure/23-saint-mary-s-street-dun-laoghaire-co-dublin/4989190
4989184,"Killasser Mews, 24 Morehampton Lane, Donnybrook, Dublin 4, D04 F6F2",Detached,1600000,3.0,3.0,D04 F6F2,Dublin 4,5,Suburban,1,1,1,https://www.myhome.ie/residential/brochure/killasser-mews-24-morehampton-lane-donnybrook-dublin-4/4989184
4973663,"14 Black Street, Infirmary Road, Stoneybatter, Dublin 7, County Dublin, D07 YD61",Terraced,375000,2.0,1.0,D07 YD61,Dublin 7,10,Outer,1,0,1,https://www.myhome.ie/residential/brochure/14-black-street-infirmary-road-stoneybatter-dublin-7-county-dublin/4973663
4989152,"17a Mill Road, Saggart, Dublin 24, D24 TR77",Detached,595000,4.0,2.0,D24 TR77,Dublin 24,10,Outer,1,0,1,https://www.myhome.ie/residential/brochure/17a-mill-road-saggart-dublin-24/4989152
4989174,"Apartment 128 The Crannog, Granitefield Manor, Dun Laoghaire, Dublin, A96 XV06",Apartment,364950,2.0,2.0,A96XV06,Unknown,10,Outer,1,1,1,https://www.myhome.ie/residential/brochure/apartment-128-the-crannog-granitefield-manor-dun-laoghaire-dublin/4989174
4989170,"124 Forest Hills, Rathcoole, County Dublin, D24 FP65",Terraced,395000,3.0,2.0,D24 FP65,Dublin 24,10,Outer,1,1,1,https://www.myhome.ie/residential/brochure/124-forest-hills-rathcoole-county-dublin/4989170
4989161,"Chez Nous, 4 Ballyowen View, Lucan, Co. Dublin, K78 C6P1",Semi-Detached,560000,4.0,3.0,K78C6P1,Unknown,10,Outer,1,0,1,https://www.myhome.ie/residential/brochure/chez-nous-4-ballyowen-view-lucan-co-dublin/4989161
4989143,"Apartment 106 Neptune House, Bellevue, Dublin 8, Islandbridge, D08 N963",Studio,320000,2.0,1.0,D08N963,Dublin 8,3,City Centre,1,1,1,https://www.myhome.ie/residential/brochure/apartment-106-neptune-house-bellevue-dublin-8-islandbridge/4989143
4984674,"38 Ulverton Road, Dalkey, Co. Dublin, A96 V278",End of Terrace,1745000,5.0,2.0,A96V278,Unknown,10,Outer,1,1,1,https://www.myhome.ie/residential/brochure/38-ulverton-road-dalkey-co-dublin/4984674
4979308,"62 Stillorgan Wood, Stillorgan, Co. Dublin, A94 A4A9",Detached,845000,4.0,3.0,A94A4A9,Unknown,10,Outer,1,0,1,https://www.myhome.ie/residential/brochure/62-stillorgan-wood-stillorgan-co-dublin/4979308
4989171,"15 Mount Argus Square, Harold's Cross, Dublin 6W, D6W X276",Duplex,495000,3.0,2.0,D06A977,Dublin 6,5,Suburban,1,0,1,https://www.myhome.ie/residential/brochure/15-mount-argus-square-harold-s-cross-dublin-6w/4989171
4986838,"27 Seacourt, Clontarf, Dublin 3, D03 XE44",Detached,885000,4.0,3.0,D03XE44,Dublin 3,4,Suburban,1,1,1,https://www.myhome.ie/residential/brochure/27-seacourt-clontarf-dublin-3/4986838
4989167,"34 King's Inn Court, Phibsborough, Dublin 7",Apartment,415000,2.0,1.0,D07N2C4,Dublin 7,10,Outer,1,0,1,https://www.myhome.ie/residential/brochure/34-king-s-inn-court-phibsborough-dublin-7/4989167
4989183,"51 Boroimhe Beech, Swords, Co. Dublin, K67 Y497",Duplex,395000,3.0,3.0,K67Y497,Dublin 10,8,Suburban,1,1,1,https://www.myhome.ie/residential/brochure/51-boroimhe-beech-swords-co-dublin/4989183
4986458,"3 Russell Avenue, Drumcondra, Dublin 3, D03 EW40",Terraced,495000,2.0,1.0,D03 EW40,Dublin 3,4,Suburban,1,1,1,https://www.myhome.ie/residential/brochure/3-russell-avenue-drumcondra-dublin-3/4986458
4985845,"17 Hawthorn Park, Swords, County Dublin, K67 TW77",Detached,625000,4.0,3.0,K67 TW77,Unknown,10,Outer,1,1,1,https://www.myhome.ie/residential/brochure/17-hawthorn-park-swords-county-dublin/4985845
4986205,"""Deil Greine"", 12 Temple Crescent, Blackrock, County Dublin, A94 E198",Detached,1500000,4.0,4.0,A94 E198,Dublin 2,1,City Centre,1,1,1,https://www.myhome.ie/residential/brochure/deil-greine-12-temple-crescent-blackrock-county-dublin/4986205
4982020,"50 Woodview, Mount Merrion Avenue, Blackrock, County Dublin, A94 N6K1",Duplex,580000,2.0,2.0,A94 N6K1,Unknown,10,Outer,1,1,1,https://www.myhome.ie/residential/brochure/50-woodview-mount-merrion-avenue-blackrock-county-dublin/4982020
4957616,"Apt 81 Mayeston Square, St. Margarets Road, Finglas, Dublin 11, County Dublin, D11 PF38",Apartment,290000,2.0,2.0,D11 PF38,Dublin 11,7,Suburban,1,1,1,https://www.myhome.ie/residential/brochure/apt-81-mayeston-square-st-margarets-road-finglas-dublin-11-county-dublin/4957616
4979387,"12 Brookwood Heights, Artane, Dublin 5, County Dublin, D05 YW58",Terraced,685000,3.0,2.0,D05 YW58,Dublin 5,10,Outer,1,1,1,https://www.myhome.ie/residential/brochure/12-brookwood-heights-artane-dublin-5-county-dublin/4979387
4989138,"24 Sweetmount Drive, Dundrum, Dublin 14, D14 YN57",Semi-Detached,750000,3.0,2.0,D14 YN57,Dublin 14,7,Suburban,1,1,1,https://www.myhome.ie/residential/brochure/24-sweetmount-drive-dundrum-dublin-14/4989138
4986297,"Apartment 7, Block B, Thornfield, Stillorgan Road, Dublin 4, D04 E7F6",Studio,1650000,3.0,3.0,D04 E7F6,Dublin 4,5,Suburban,1,1,1,https://www.myhome.ie/residential/brochure/apartment-7-block-b-thornfield-stillorgan-road-dublin-4/4986297
4989120,"20 Castleknock Grange, Castleknock, Dublin 15, D15 CD92",Semi-Detached,560000,4.0,3.0,D15 CD92,Dublin 15,12,Outer,1,1,1,https://www.myhome.ie/residential/brochure/20-castleknock-grange-castleknock-dublin-15/4989120
4989059,"26 Crescent House, Marino, Dublin 3, D03 WW55",Studio,245000,1.0,1.0,D03WW55,Dublin 3,4,Suburban,1,1,1,https://www.myhome.ie/residential/brochure/26-crescent-house-marino-dublin-3/4989059
4989127,"14 Shackleton Manor, Shackleton, Adamstown, Lucan, Co. Dublin",Semi-Detached,650000,4.0,3.0,K78P9X6,Dublin 12,6,Suburban,1,0,1,https://www.myhome.ie/residential/brochure/14-shackleton-manor-shackleton-adamstown-lucan-co-dublin/4989127
4989132,"25 Brompton Lawn, Castleknock, Dublin 15, D15 H5WA",Semi-Detached,595000,4.0,2.0,D15 H5WA,Dublin 15,12,Outer,1,1,1,https://www.myhome.ie/residential/brochure/25-brompton-lawn-castleknock-dublin-15/4989132
4989092,"77 Fitzwilliam Point, Ringsend, Dublin 4, County Dublin, D04 RR04",Studio,395000,1.0,1.0,D04 RR04,Dublin 4,5,Suburban,1,1,1,https://www.myhome.ie/residential/brochure/77-fitzwilliam-point-ringsend-dublin-4-county-dublin/4989092
4989088,"7 Newpark, Newtown Park Avenue, Blackrock, County Dublin, A94 PW64",Studio,495000,2.0,2.0,A94PW64,Dublin 8,3,City Centre,1,1,1,https://www.myhome.ie/residential/brochure/7-newpark-newtown-park-avenue-blackrock-county-dublin/4989088
4989091,"46 Park Boulevard, Tyrrelstown, Dublin 15, D15 K6P8",Terraced,425000,4.0,3.0,D15K6P8,Dublin 15,12,Outer,1,1,1,https://www.myhome.ie/residential/brochure/46-park-boulevard-tyrrelstown-dublin-15/4989091
4989057,"81 Newbury Avenue, Clonshaugh, Dublin 17, D17 DY84",Detached,410000,3.0,1.0,D17DY84,Dublin 17,10,Outer,1,1,1,https://www.myhome.ie/residential/brochure/81-newbury-avenue-clonshaugh-dublin-17/4989057
4989087,"32 The Water Rill, Malahide, Co. Dublin, K36 EK00",Duplex,420000,3.0,3.0,K36 EK00,Unknown,10,Outer,1,1,1,https://www.myhome.ie/residential/brochure/32-the-water-rill-malahide-co-dublin/4989087
4989051,"21 Herbert Road , Sandymount, Dublin 4, D04 N2R0",Bungalow,1195000,3.0,2.0,D04 N2R0,Dublin 4,5,Suburban,1,1,1,https://www.myhome.ie/residential/brochure/21-herbert-road-sandymount-dublin-4/4989051
4989074,"Larkfield, Church Road, Killiney, Co. Dublin, A96 E928",Detached,1625000,4.0,3.0,A96 E928,Unknown,10,Outer,1,1,1,https://www.myhome.ie/residential/brochure/larkfield-church-road-killiney-co-dublin/4989074
4564657,"3 Ashfield Park, Terenure, Dublin 6W",Terraced,1250000,4.0,4.0,D06 X3T0,Dublin 6,5,Suburban,1,0,1,https://www.myhome.ie/residential/brochure/3-ashfield-park-terenure-dublin-6w/4564657
4922549,"Mid/ End - Terrace, Silverbrook, Rathfarnham, Dublin 14",Semi-Detached,1275000,4.0,4.0,D14 FR50,Dublin 14,7,Suburban,1,1,1,https://www.myhome.ie/residential/brochure/mid-end-terrace-silverbrook-rathfarnham-dublin-14/4922549
4989052,"Apartment 3, Ransford, Sanford Avenue, Donnybrook, Dublin 4, D04 WY16",Studio,725000,2.0,2.0,D04 WY16,Dublin 4,5,Suburban,1,1,1,https://www.myhome.ie/residential/brochure/apartment-3-ransford-sanford-avenue-donnybrook-dublin-4/4989052
4989128,"78 Lanndale Lawns, Tallaght, Dublin 24, D24 W8K3",Terraced,315000,3.0,1.0,D24W8K3,Dublin 24,10,Outer,1,1,1,https://www.myhome.ie/residential/brochure/78-lanndale-lawns-tallaght-dublin-24/4989128
4989121,"68 Hillcrest Park, Lucan, Co. Dublin, K78 X0E3",Semi-Detached,445000,3.0,1.0,K78X0E3,Unknown,10,Outer,1,0,1,https://www.myhome.ie/residential/brochure/68-hillcrest-park-lucan-co-dublin/4989121
4989136,"Apartment 35, Block C, Hanover Quay, Dublin 2, Dublin, D02 KT04",Apartment,675000,2.0,2.0,D02KT04,Dublin 2,1,City Centre,1,1,1,https://www.myhome.ie/residential/brochure/apartment-35-block-c-hanover-quay-dublin-2-dublin/4989136
4989115,"25 Grange Abbey Grove, Baldoyle, Dublin 13, D13 POA4",Semi-Detached,435000,2.0,2.0,D13POA4,Dublin 13,10,Outer,1,1,1,https://www.myhome.ie/residential/brochure/25-grange-abbey-grove-baldoyle-dublin-13/4989115
4989090,"153 Dunmore Lawn, Kingswood, Dublin 24, D24 Y9DV",Semi-Detached,450000,3.0,1.0,D24 Y9DV,Dublin 24,10,Outer,1,0,1,https://www.myhome.ie/residential/brochure/153-dunmore-lawn-kingswood-dublin-24/4989090
4989047,"18 Stationcourt Way, Coolmine, Dublin 15, D15 DW25",Studio,325000,2.0,2.0,D15 DW25,Dublin 15,12,Outer,1,0,1,https://www.myhome.ie/residential/brochure/18-stationcourt-way-coolmine-dublin-15/4989047
4979861,"2 Collindale, Beaumont Road, Beaumont, Dublin 9, D09 A7Y5",Apartment,450000,2.0,1.0,D09A7Y5,Dublin 9,6,Suburban,1,1,1,https://www.myhome.ie/residential/brochure/2-collindale-beaumont-road-beaumont-dublin-9/4979861
4989043,"5 Neptune Terrace, Skerries, Co. Dublin, K34 XN47",Terraced,645000,3.0,1.0,K34 XN47,Unknown,10,Outer,1,1,0,https://www.myhome.ie/residential/brochure/5-neptune-terrace-skerries-co-dublin/4989043
4922534,"Site At Rear of 31, 31A & 31B, Walkinstown Green, Walkinstown, Dublin 12, D12 FN32",Detached,185000,3.0,2.0,D12 FN32,Dublin 12,6,Suburban,1,0,1,https://www.myhome.ie/residential/brochure/site-at-rear-of-31-31a-31b-walkinstown-green-walkinstown-dublin-12/4922534
4988385,"47 New Cabra Road, Cabra, Dublin 7, D07 C4H5",Apartment,950000,5.0,5.0,D07C4H5,Dublin 7,10,Outer,1,0,1,https://www.myhome.ie/residential/brochure/47-new-cabra-road-cabra-dublin-7/4988385
4989013,"7 Chapel Close, Balbriggan, Co. Dublin, K32 CF54",Semi-Detached,375000,3.0,2.0,K32 CF54,Unknown,10,Outer,1,1,0,https://www.myhome.ie/residential/brochure/7-chapel-close-balbriggan-co-dublin/4989013
4982334,"25 Woodbine Park, Booterstown, County Dublin, A94 RW31",Semi-Detached,895000,3.0,2.0,A94 RW31,Dublin 4,5,Suburban,1,1,1,https://www.myhome.ie/residential/brochure/25-woodbine-park-booterstown-county-dublin/4982334
4988904,"6A Woodbine Road, Booterstown, County Dublin, A94 Y585",Detached,825000,3.0,2.0,A94 Y585,Dublin 4,5,Suburban,1,1,1,https://www.myhome.ie/residential/brochure/6a-woodbine-road-booterstown-county-dublin/4988904
4945979,"118 Beaufort Downs, Rathfarnham, Dublin 14, D14 K1C8",Semi-Detached,595000,3.0,2.0,D14K1C8,Dublin 14,7,Suburban,1,1,1,https://www.myhome.ie/residential/brochure/118-beaufort-downs-rathfarnham-dublin-14/4945979
4987556,"35 Reuben Street, Rialto, Dublin 8, D08 ARY9",Terraced,565000,2.0,1.0,D08ARY9,Dublin 8,3,City Centre,1,0,1,https://www.myhome.ie/residential/brochure/35-reuben-street-rialto-dublin-8/4987556
4974109,"104 Carysfort Park, Blackrock, County Dublin, A94 P8VO",Terraced,725000,3.0,2.0,A94P8VO,Unknown,10,Outer,1,1,1,https://www.myhome.ie/residential/brochure/104-carysfort-park-blackrock-county-dublin/4974109
4968633,"9 EDEN PARK, Sandycove, Co. Dublin, A96 W928",Studio,1595000,8.0,7.0,A96 W928,Dublin 9,6,Suburban,1,1,1,https://www.myhome.ie/residential/brochure/9-eden-park-sandycove-co-dublin/4968633
4989056,"41 Charnwood Park, Clonsilla, Dublin 15, D15 H6T2",Semi-Detached,545000,4.0,3.0,D15 H6T2,Dublin 15,12,Outer,1,0,1,https://www.myhome.ie/residential/brochure/41-charnwood-park-clonsilla-dublin-15/4989056
4959226,"7 Bruach Na Mara, 187 Seafield Road East, Clontarf, Dublin 3, D03 DR63",Duplex,595000,2.0,2.0,D03 DR63,Dublin 3,4,Suburban,1,1,1,https://www.myhome.ie/residential/brochure/7-bruach-na-mara-187-seafield-road-east-clontarf-dublin-3/4959226
4989044,"Apartment 4, 52 Mountjoy Square South, North City Centre, Dublin, D01 NN60",Apartment,225000,1.0,1.0,D01NN60,Dublin 1,1,City Centre,1,1,1,https://www.myhome.ie/residential/brochure/apartment-4-52-mountjoy-square-south-north-city-centre-dublin/4989044
4989023,"2J Belarmine Drive, Stepaside, Dublin 18, D18 TX27",Duplex,445000,3.0,3.0,D18TX27,Dublin 18,14,Outer,1,1,1,https://www.myhome.ie/residential/brochure/2j-belarmine-drive-stepaside-dublin-18/4989023
4975745,"11 Kilbride Road, Killester, Dublin 5, D05 W0F8",Studio,695000,3.0,2.0,D05 W0F8,Dublin 5,10,Outer,1,1,1,https://www.myhome.ie/residential/brochure/11-kilbride-road-killester-dublin-5/4975745
4989011,"8 Beauparc Downs, Monkstown Valley, Monkstown, Co. Dublin, A94 NW90",Apartment,385000,1.0,1.0,A94 NW90,Unknown,10,Outer,1,1,1,https://www.myhome.ie/residential/brochure/8-beauparc-downs-monkstown-valley-monkstown-co-dublin/4989011
4987973,"77 Kenilworth Square, Rathgar, Dublin 6, D06 C983",End of Terrace,2850000,4.0,3.0,D06 C983,Dublin 6,5,Suburban,1,1,1,https://www.myhome.ie/residential/brochure/77-kenilworth-square-rathgar-dublin-6/4987973
4989054,"1 Castlewood Lodge, Rathmines, Dublin 6, D06 VX96",Semi-Detached,750000,3.0,2.0,D06 VX96,Dublin 6,5,Suburban,1,1,1,https://www.myhome.ie/residential/brochure/1-castlewood-lodge-rathmines-dublin-6/4989054
4984989,"25 Beech Lodge, Farmleigh Woods, Castleknock, Dublin 15, D15 KF24",Apartment,575000,2.0,2.0,D15KF24,Dublin 15,12,Outer,1,0,1,https://www.myhome.ie/residential/brochure/25-beech-lodge-farmleigh-woods-castleknock-dublin-15/4984989
4988985,"18 Craiglands, Ardeevin Road, Dalkey, Co. Dublin, A96 A095",Studio,650000,2.0,1.0,A96 A095,Unknown,10,Outer,1,1,1,https://www.myhome.ie/residential/brochure/18-craiglands-ardeevin-road-dalkey-co-dublin/4988985
4976898,"Leconfield, Silchester Road, Glenageary, Co. Dublin, A96 R6Y2",Semi-Detached,3450000,5.0,4.0,A96 R6Y2,Unknown,10,Outer,1,1,1,https://www.myhome.ie/residential/brochure/leconfield-silchester-road-glenageary-co-dublin/4976898
4983374,"The Slopes, Knapton Road, Monkstown, Co. Dublin, A96 A094",Detached,1595000,5.0,3.0,A96 A094,Unknown,10,Outer,1,1,1,https://www.myhome.ie/residential/brochure/the-slopes-knapton-road-monkstown-co-dublin/4983374
4985628,"45 Swift Hall, Collegewood, Castleknock, Dublin 15, D15 YC58",Apartment,495000,3.0,2.0,D15YC58,Dublin 15,12,Outer,1,0,1,https://www.myhome.ie/residential/brochure/45-swift-hall-collegewood-castleknock-dublin-15/4985628
4989003,"16 Ranelagh Court, Ranelagh, Dublin 6, D06 NH64",Studio,475000,1.0,1.0,D06 NH64,Dublin 6,5,Suburban,1,1,1,https://www.myhome.ie/residential/brochure/16-ranelagh-court-ranelagh-dublin-6/4989003
4989006,"37 Belton Park Road, Donnycarney, Dublin 9, D09 C8H1",End of Terrace,475000,3.0,1.0,D09C8H1,Dublin 9,6,Suburban,1,1,1,https://www.myhome.ie/residential/brochure/37-belton-park-road-donnycarney-dublin-9/4989006
4988977,"22a Gateway Crescent , Ballymun, Dublin 11, D11 HN99",Terraced,250000,2.0,1.0,D11 HN99,Dublin 11,7,Suburban,1,1,1,https://www.myhome.ie/residential/brochure/22a-gateway-crescent-ballymun-dublin-11/4988977
4989004,"76 Ballinteer Drive, Ballinteer, Dublin 16, D16 R263",Semi-Detached,595000,3.0,2.0,D16R263,Dublin 16,10,Outer,1,1,1,https://www.myhome.ie/residential/brochure/76-ballinteer-drive-ballinteer-dublin-16/4989004
4979588,"Seaview, 3 St Alban's, Newtownsmith, Sandycove, Co. Dublin, A96 AD62",Studio,3450000,4.0,5.0,A96 AD62,Unknown,10,Outer,1,1,1,https://www.myhome.ie/residential/brochure/seaview-3-st-alban-s-newtownsmith-sandycove-co-dublin/4979588
4988809,"43 St. Ignatius Road, Phibsborough, Dublin 7, D07 FW28",Terraced,425000,2.0,1.0,D07FW28,Dublin 7,10,Outer,1,0,1,https://www.myhome.ie/residential/brochure/43-st-ignatius-road-phibsborough-dublin-7/4988809
4986624,"47 Templeogue Lodge, Templeogue, Dublin 6W, D6W W642",Terraced,650000,3.0,3.0,Unknown,Dublin 6,5,Suburban,1,0,1,https://www.myhome.ie/residential/brochure/47-templeogue-lodge-templeogue-dublin-6w/4986624
4988996,"46 Morehampton Square, Donnybrook, Dublin 4, County Dublin, D04 KP20",Duplex,525000,2.0,1.0,D04 KP20,Dublin 4,5,Suburban,1,1,1,https://www.myhome.ie/residential/brochure/46-morehampton-square-donnybrook-dublin-4-county-dublin/4988996
4983059,"73 The Courtyard, Clonsilla, Dublin 15, D15 V1W2",Apartment,360000,2.0,2.0,D15V1W2,Dublin 15,12,Outer,1,0,1,https://www.myhome.ie/residential/brochure/73-the-courtyard-clonsilla-dublin-15/4983059
4984594,"15 Eaton Hall, Terenure Road North, Terenure, Dublin 6w, D6W Y897",Duplex,495000,2.0,2.0,D06 X3T0,Dublin 6,5,Suburban,1,0,1,https://www.myhome.ie/residential/brochure/15-eaton-hall-terenure-road-north-terenure-dublin-6w/4984594
4988951,"4 Prospect Lodge, Old Knocklyon Road, Knocklyon, Dublin 16, D16 HK12",Duplex,425000,2.0,2.0,D16HK12,Dublin 16,10,Outer,1,0,1,https://www.myhome.ie/residential/brochure/4-prospect-lodge-old-knocklyon-road-knocklyon-dublin-16/4988951
4980960,"6 Coldwater Lakes, Saggart, County Dublin, D24 WY24",Detached,1350000,4.0,4.0,D24WY24,Dublin 24,10,Outer,1,0,1,https://www.myhome.ie/residential/brochure/6-coldwater-lakes-saggart-county-dublin/4980960
4985017,"11 Royal Terrace East, Dun Laoghaire, Co. Dublin, A96 V446",Terraced,2395000,4.0,5.0,A96 V446,Unknown,10,Outer,1,1,1,https://www.myhome.ie/residential/brochure/11-royal-terrace-east-dun-laoghaire-co-dublin/4985017
4988987,"45 St Fintan's Park, Blackrock, Co. Dublin, A94 T663",Studio,525000,3.0,2.0,A94T663,Unknown,10,Outer,1,1,1,https://www.myhome.ie/residential/brochure/45-st-fintan-s-park-blackrock-co-dublin/4988987
4986727,"103 Tonlegee Road, Raheny, Dublin 5, D05 W6D0",Semi-Detached,475000,4.0,2.0,D05W6D0,Dublin 5,10,Outer,1,1,1,https://www.myhome.ie/residential/brochure/103-tonlegee-road-raheny-dublin-5/4986727
4967299,"Jura, 47 St Fintan's Villas, Blackrock, Co. Dublin, A94 F8EW",Semi-Detached,1195000,4.0,3.0,A94F8EW,Unknown,10,Outer,1,1,1,https://www.myhome.ie/residential/brochure/jura-47-st-fintan-s-villas-blackrock-co-dublin/4967299
4961545,"7 The Hedgerows, Foxrock, Dublin 18, D18 X8H2",Terraced,735000,2.0,2.0,D18 X8H2,Dublin 18,14,Outer,1,1,1,https://www.myhome.ie/residential/brochure/7-the-hedgerows-foxrock-dublin-18/4961545
4988945,"Ardrellis Mews, 3 Herbert Lane, Dublin 2, D02 EK18",Studio,895000,2.0,2.0,D02 EK18,Dublin 2,1,City Centre,1,1,1,https://www.myhome.ie/residential/brochure/ardrellis-mews-3-herbert-lane-dublin-2/4988945
4988964,"22 Burford Drive, Honey Park, Dun Laoghaire, Co. Dublin, A96 P8R2",Semi-Detached,1100000,4.0,4.0,A96P8R2,Unknown,10,Outer,1,1,1,https://www.myhome.ie/residential/brochure/22-burford-drive-honey-park-dun-laoghaire-co-dublin/4988964
4988959,"6 Dodderbrook Place, Ballycullen, Dublin 24, D24 PK7N",Semi-Detached,550000,3.0,3.0,D24 PK7N,Dublin 24,10,Outer,1,0,1,https://www.myhome.ie/residential/brochure/6-dodderbrook-place-ballycullen-dublin-24/4988959
4988064,"1 Killaloe House, Clarehall, Dublin 17, D17 W183",Apartment,295000,2.0,1.0,D17W183,Dublin 17,10,Outer,1,0,0,https://www.myhome.ie/residential/brochure/1-killaloe-house-clarehall-dublin-17/4988064
4971387,"64 Hansted Crescent, Lucan, Co. Dublin, K78 FP78",Duplex,390000,3.0,3.0,K78FP78,Dublin 20,10,Outer,1,0,1,https://www.myhome.ie/residential/brochure/64-hansted-crescent-lucan-co-dublin/4971387
4981449,"9 Glandore Court, Glandore Park, Monkstown, Co. Dublin, A96 V787",Semi-Detached,795000,3.0,2.0,A96 V787,Unknown,10,Outer,1,1,1,https://www.myhome.ie/residential/brochure/9-glandore-court-glandore-park-monkstown-co-dublin/4981449
4988850,"9 Applewood Square, Swords, County Dublin, K67 C2C6",Duplex,295000,2.0,2.0,K67 C2C6,Dublin 5,10,Outer,1,1,1,https://www.myhome.ie/residential/brochure/9-applewood-square-swords-county-dublin/4988850
4977420,"30 Bremore Pastures Crescent, Balbriggan, Co. Dublin, K32 KD60",Apartment,330000,3.0,1.0,K32KD60,Unknown,10,Outer,1,1,0,https://www.myhome.ie/residential/brochure/30-bremore-pastures-crescent-balbriggan-co-dublin/4977420
4988957,"10 Broadford Lawn, Ballinteer, Dublin 16, D16 A897",Studio,595000,3.0,1.0,D16 A897,Dublin 16,10,Outer,1,1,1,https://www.myhome.ie/residential/brochure/10-broadford-lawn-ballinteer-dublin-16/4988957
4971689,"Na Forbacha, 7 Deansgrange Road, Blackrock, Co.Dublin, A94 T9V2",Semi-Detached,825000,3.0,2.0,A94 T9V2,Unknown,10,Outer,1,1,1,https://www.myhome.ie/residential/brochure/na-forbacha-7-deansgrange-road-blackrock-co-dublin/4971689
4979377,"39 Gracefield Road, Artane, Dublin, D05 E9W4",Semi-Detached,495000,3.0,1.0,D05E9W4,Dublin 5,10,Outer,1,0,0,https://www.myhome.ie/residential/brochure/39-gracefield-road-artane-dublin/4979377
4988954,"Gate Lodge, 44 Mount Sandford, Milltown, Dublin 6, D06 X9F9",Detached,825000,2.0,2.0,D06 X9F9,Dublin 6,5,Suburban,1,1,1,https://www.myhome.ie/residential/brochure/gate-lodge-44-mount-sandford-milltown-dublin-6/4988954
4986085,"12 CASTLETIMON DRIVE, Kilmore, Dublin 5, D05 WD89",Terraced,375000,4.0,2.0,D05 WD89,Dublin 5,10,Outer,1,1,1,https://www.myhome.ie/residential/brochure/12-castletimon-drive-kilmore-dublin-5/4986085
4988972,"48 Grosvenor Road, Rathmines, Dublin 6, County Dublin, D06 YN83",Terraced,1300000,5.0,5.0,D06 YN83,Dublin 6,5,Suburban,1,1,1,https://www.myhome.ie/residential/brochure/48-grosvenor-road-rathmines-dublin-6-county-dublin/4988972
4972326,"15 Grange Park Avenue, Raheny, Dublin 5, D05 K685",Semi-Detached,620000,4.0,2.0,D05K685,Dublin 5,10,Outer,1,1,1,https://www.myhome.ie/residential/brochure/15-grange-park-avenue-raheny-dublin-5/4972326
4969030,"178 Rochestown Avenue, Dun Laoghaire, Co. Dublin, A96 PW81",Detached,850000,4.0,2.0,A96 PW81,Unknown,10,Outer,1,1,1,https://www.myhome.ie/residential/brochure/178-rochestown-avenue-dun-laoghaire-co-dublin/4969030
4988953,"Apartment 31, Montgomery Court, Dublin 1, D01 NY95",Studio,325000,2.0,2.0,D01NY95,Dublin 1,1,City Centre,1,1,1,https://www.myhome.ie/residential/brochure/apartment-31-montgomery-court-dublin-1/4988953
4985864,"6 Claremount, Claremont Road, Foxrock, Dublin 18, D18 X9K4",Detached,1795000,4.0,4.0,D18 X9K4,Dublin 18,14,Outer,1,1,1,https://www.myhome.ie/residential/brochure/6-claremount-claremont-road-foxrock-dublin-18/4985864
4982595,"18 Beckett Hall, Carrickmines Wood, Dublin 18, D18 AE12",Studio,985000,3.0,3.0,D18 AE12,Dublin 18,14,Outer,1,1,1,https://www.myhome.ie/residential/brochure/18-beckett-hall-carrickmines-wood-dublin-18/4982595
4988902,"22 Cloyne Road, Kimmage, Dublin 12, D12 X5H9",Studio,425000,2.0,1.0,D12X5H9,Dublin 12,6,Suburban,1,0,1,https://www.myhome.ie/residential/brochure/22-cloyne-road-kimmage-dublin-12/4988902
4985837,"53 THE RISE, Glasnevin, Dublin 9, D09 K7V7",Semi-Detached,800000,3.0,2.0,D09K7V7,Dublin 9,6,Suburban,1,1,1,https://www.myhome.ie/residential/brochure/53-the-rise-glasnevin-dublin-9/4985837
4985746,"1A THOMAS DAVIS STREET WEST, Inchicore, Dublin 8, D08 FW22",Detached,550000,3.0,3.0,D08 FW22,Dublin 8,3,City Centre,1,0,1,https://www.myhome.ie/residential/brochure/1a-thomas-davis-street-west-inchicore-dublin-8/4985746
4980898,"7 Royal Terrace East, Dun Laoghaire, Co. Dublin, A96 P7F3",Apartment,2450000,5.0,7.0,A96 P7F3,Unknown,10,Outer,1,1,1,https://www.myhome.ie/residential/brochure/7-royal-terrace-east-dun-laoghaire-co-dublin/4980898
4956790,"22 Clare Road, Drumcondra, Dublin 9., D09 X3K1",Semi-Detached,850000,4.0,1.0,D09X3K1,Dublin 9,6,Suburban,1,1,1,https://www.myhome.ie/residential/brochure/22-clare-road-drumcondra-dublin-9/4956790
4938394,"Mount Mapas House, Victoria Road, Killiney, Co. Dublin, A96 X258",Detached,10000000,6.0,4.0,A96 X258,Unknown,10,Outer,1,1,1,https://www.myhome.ie/residential/brochure/mount-mapas-house-victoria-road-killiney-co-dublin/4938394
4987793,"4 Bushy Park Road, Rathgar, Dublin 6, D06 C1H5",End of Terrace,1500000,4.0,2.0,D06C1H5,Dublin 6,5,Suburban,1,1,1,https://www.myhome.ie/residential/brochure/4-bushy-park-road-rathgar-dublin-6/4987793
4984859,"St Andrews, Gordon Avenue, Foxrock, Dublin 18, D18 K7V7",Detached,2195000,4.0,3.0,D18 K7V7,Dublin 18,14,Outer,1,1,1,https://www.myhome.ie/residential/brochure/st-andrews-gordon-avenue-foxrock-dublin-18/4984859
4969726,"16 Courtlands, Cabinteely, Dublin 18, D18 C6Y5",End of Terrace,500000,2.0,1.0,D18 C6Y5,Dublin 18,14,Outer,1,1,1,https://www.myhome.ie/residential/brochure/16-courtlands-cabinteely-dublin-18/4969726
4981779,"165 Malahide Road, Donnycarney, Dublin 3, D03 X004",Terraced,410000,2.0,1.0,D03X004,Dublin 3,4,Suburban,1,1,1,https://www.myhome.ie/residential/brochure/165-malahide-road-donnycarney-dublin-3/4981779
4965099,"31 Oak Hall, The Hill, Malahide, County Dublin, K36 KV09",Studio,490000,2.0,2.0,K36 KV09,Unknown,10,Outer,1,1,1,https://www.myhome.ie/residential/brochure/31-oak-hall-the-hill-malahide-county-dublin/4965099
4988937,"Dunehaven, 29 Springhill Avenue, Blackrock, County Dublin, A94 A342",Semi-Detached,895000,4.0,2.0,A94 A342,Dublin 14,7,Suburban,1,1,1,https://www.myhome.ie/residential/brochure/dunehaven-29-springhill-avenue-blackrock-county-dublin/4988937
4988923,"10 Victoria Village, Rathgar, Dublin 6, County Dublin, D06 CD42",Studio,345000,1.0,1.0,D06 CD42,Dublin 6,5,Suburban,1,1,1,https://www.myhome.ie/residential/brochure/10-victoria-village-rathgar-dublin-6-county-dublin/4988923
4970737,"51 Nephin Road, Navan Road, Dublin 7, D07 A4V9",Terraced,519000,3.0,1.0,D07A4V9,Dublin 7,10,Outer,1,0,1,https://www.myhome.ie/residential/brochure/51-nephin-road-navan-road-dublin-7/4970737
4956921,"The Banville, Bellingham, Park Road, Rush, County Dublin",Semi-Detached,517500,3.0,3.0,K56 FY94,Unknown,10,Outer,1,1,0,https://www.myhome.ie/residential/brochure/the-banville-bellingham-park-road-rush-county-dublin/4956921
4985740,"11 Kenilworth Manor, Harold`s Cross, Dublin 6w, County Dublin, D6W PX97",Studio,375000,1.0,1.0,D06 X3T0,Dublin 6,5,Suburban,1,0,1,https://www.myhome.ie/residential/brochure/11-kenilworth-manor-harold-s-cross-dublin-6w-county-dublin/4985740
4988920,"215 Block 15 Marina Village, Malahide, Co. Dubin, Malahide, Dublin, K36 FY09",Studio,695000,3.0,2.0,K36 FY09,Unknown,10,Outer,1,1,1,https://www.myhome.ie/residential/brochure/215-block-15-marina-village-malahide-co-dubin-malahide-dublin/4988920
4964630,"90 The William Bligh, Grand Canal Dk, Dublin 4, D04 E060",Studio,675000,3.0,2.0,D04E060,Dublin 4,5,Suburban,1,1,1,https://www.myhome.ie/residential/brochure/90-the-william-bligh-grand-canal-dk-dublin-4/4964630
4988896,"36 & 37 Harty Place, St. Davids, Portobello, Dublin 8, D08 F8HO",Bungalow,375000,2.0,1.0,D08 F8HO,Dublin 8,3,City Centre,1,1,1,https://www.myhome.ie/residential/brochure/36-37-harty-place-st-davids-portobello-dublin-8/4988896
4988841,"Baldaragh, 34 Brackenstown Avenue, Swords, County Dublin, K67 P2K4",Semi-Detached,460000,3.0,1.0,K67 P2K4,Unknown,10,Outer,1,1,1,https://www.myhome.ie/residential/brochure/baldaragh-34-brackenstown-avenue-swords-county-dublin/4988841
4988895,"26 Long Lane, Portobello, Dublin 8, County Dublin, D08 F5K0",Terraced,725000,2.0,1.0,D08 F5K0,Dublin 8,3,City Centre,1,1,1,https://www.myhome.ie/residential/brochure/26-long-lane-portobello-dublin-8-county-dublin/4988895
4988893,"18 Beverton Grove, Donabate, County Dublin, K36 PN72",Semi-Detached,665000,4.0,40.0,K36PN72,Unknown,10,Outer,1,1,1,https://www.myhome.ie/residential/brochure/18-beverton-grove-donabate-county-dublin/4988893
4986079,"26 Congress Gardens, Glasthule, County Dublin, A96 X6X0",Studio,565000,2.0,1.0,A96 X6X0,Dublin 12,6,Suburban,1,1,1,https://www.myhome.ie/residential/brochure/26-congress-gardens-glasthule-county-dublin/4986079
4988875,"4 Donard Road, Drimnagh, Dublin 12, D12 RF78",Terraced,424950,4.0,2.0,D12RF78,Dublin 12,6,Suburban,1,0,1,https://www.myhome.ie/residential/brochure/4-donard-road-drimnagh-dublin-12/4988875
4988858,"4 The Paddocks Walk, Adamstown, Co. Dublin, K78 V2T4",Terraced,350000,3.0,3.0,K78 V2T4,Dublin 22,10,Outer,1,0,1,https://www.myhome.ie/residential/brochure/4-the-paddocks-walk-adamstown-co-dublin/4988858
4988857,"9 Hardiman Road, Drumcondra, Dublin 9, D09 RX75",Terraced,525000,3.0,1.0,D09RX75,Dublin 9,6,Suburban,1,1,1,https://www.myhome.ie/residential/brochure/9-hardiman-road-drumcondra-dublin-9/4988857
4975078,"67 Innismore, Crumlin, Dublin 12, D12 KX31",Detached,449950,3.0,2.0,D12KX31,Dublin 12,6,Suburban,1,0,1,https://www.myhome.ie/residential/brochure/67-innismore-crumlin-dublin-12/4975078
4988854,"14 Oaklands Park , Sandymount, Dublin 4, D04 NH58",Studio,1595000,5.0,4.0,D04NH58,Dublin 4,5,Suburban,1,1,1,https://www.myhome.ie/residential/brochure/14-oaklands-park-sandymount-dublin-4/4988854
4988911,"47 Kimmage Road Lower, Harold's Cross, Dublin 6W, D6W WD26",Semi-Detached,1250000,5.0,3.0,D06 N229,Dublin 6,5,Suburban,1,0,1,https://www.myhome.ie/residential/brochure/47-kimmage-road-lower-harold-s-cross-dublin-6w/4988911
4988884,"9 Hillcrest Avenue, Lucan, Co. Dublin, K78 D2F3",Apartment,425000,3.0,2.0,K78D2F3,Dublin 22,10,Outer,1,0,1,https://www.myhome.ie/residential/brochure/9-hillcrest-avenue-lucan-co-dublin/4988884
4837646,"15 College View, All Hallows, Drumcondra, D09 TW58",Detached,765000,3.0,2.0,D09TW58,Dublin 3,4,Suburban,1,1,1,https://www.myhome.ie/residential/brochure/15-college-view-all-hallows-drumcondra/4837646
4988898,"44 Pairc Mhuire, Saggart, Co Dublin, Saggart, County Dublin, D24 YF79",Studio,395000,3.0,2.0,D24YF79,Dublin 24,10,Outer,1,0,1,https://www.myhome.ie/residential/brochure/44-pairc-mhuire-saggart-co-dublin-saggart-county-dublin/4988898
4988852,"87 Carysfort Park, Blackrock, Dublin, A94 VY32",Semi-Detached,725000,3.0,3.0,A94 VY32,Dublin 2,1,City Centre,1,1,1,https://www.myhome.ie/residential/brochure/87-carysfort-park-blackrock-dublin/4988852
4988901,"5 Swanward Court, Parnell Road, Harold's Cross, Dublin 12, D12 V3K2",Studio,625000,3.0,2.0,D12V3K2,Dublin 12,6,Suburban,1,0,1,https://www.myhome.ie/residential/brochure/5-swanward-court-parnell-road-harold-s-cross-dublin-12/4988901
4988913,"26 Fitzwilliam Court, Ranelagh, Dublin 6, DO6 WP58",Studio,375000,1.0,1.0,D06H1W2,Dublin 6,5,Suburban,1,1,1,https://www.myhome.ie/residential/brochure/26-fitzwilliam-court-ranelagh-dublin-6/4988913
4898114,"The Orchard, Saint Fintans road , Sutton, Dublin 13, D13 K002",Detached,1650000,5.0,5.0,D13 K002,Dublin 13,10,Outer,1,1,1,https://www.myhome.ie/residential/brochure/the-orchard-saint-fintans-road-sutton-dublin-13/4898114
4983522,"41 Strand Road, Sandymount, Dublin 4, D04 PX93",End of Terrace,1750000,4.0,3.0,D04 PX93,Dublin 4,5,Suburban,1,1,1,https://www.myhome.ie/residential/brochure/41-strand-road-sandymount-dublin-4/4983522
4988816,"19 Foxford Court, Ballyowen Lane, Lucan, Co. Dublin, K78 XE86",Apartment,279000,2.0,2.0,K78 XE86,Dublin 22,10,Outer,1,0,1,https://www.myhome.ie/residential/brochure/19-foxford-court-ballyowen-lane-lucan-co-dublin/4988816
4975577,"13 Woodberry, Carpenterstown Road, Castleknock, Dublin 15, D15 VOCR",Detached,1300000,5.0,3.0,D15 VOCR,Dublin 15,12,Outer,1,0,1,https://www.myhome.ie/residential/brochure/13-woodberry-carpenterstown-road-castleknock-dublin-15/4975577
4976037,"1 Donnybrook Close, Donnybrook, Dublin 4, D04 X2W4",Detached,1450000,3.0,3.0,D04 X2W4,Dublin 4,5,Suburban,1,1,1,https://www.myhome.ie/residential/brochure/1-donnybrook-close-donnybrook-dublin-4/4976037
4988807,"1 Kelly's Bay Pier, Skerries, Dublin, K34 YX68",Semi-Detached,560000,4.0,3.0,K34YX68,Unknown,10,Outer,1,1,0,https://www.myhome.ie/residential/brochure/1-kelly-s-bay-pier-skerries-dublin/4988807
4988824,"177 Mulvey Park, Dundrum, Dublin 14, County Dublin, D14 WP26",Terraced,545000,3.0,1.0,D14 WP26,Dublin 14,7,Suburban,1,1,1,https://www.myhome.ie/residential/brochure/177-mulvey-park-dundrum-dublin-14-county-dublin/4988824
4987740,"67 Carrickmount Avenue, Rathfarnham, Dublin 14, County Dublin, D14 E436",Studio,545000,4.0,1.0,D14 E436,Dublin 14,7,Suburban,1,1,1,https://www.myhome.ie/residential/brochure/67-carrickmount-avenue-rathfarnham-dublin-14-county-dublin/4987740
4988829,"217 Cherrywood Park, Clondalkin, Dublin 22, D22 XC43",End of Terrace,285000,2.0,1.0,D22 XC43,Dublin 22,10,Outer,1,1,1,https://www.myhome.ie/residential/brochure/217-cherrywood-park-clondalkin-dublin-22/4988829
4985289,"1 The Academy, Park West Pointe, Park West, Dublin 12, D12 YV90",Duplex,300000,3.0,3.0,D12 YV90,Dublin 12,6,Suburban,1,0,1,https://www.myhome.ie/residential/brochure/1-the-academy-park-west-pointe-park-west-dublin-12/4985289
4984766,"63 Diswellstown Manor, Castleknock, Dublin 15, D15 YN5N",Apartment,775000,3.0,3.0,D15 YN5N,Dublin 15,12,Outer,1,0,1,https://www.myhome.ie/residential/brochure/63-diswellstown-manor-castleknock-dublin-15/4984766
4988821,"Stonebrook House, Glenamuck Road, Kilternan, Dublin 18, D18 YV20",Detached,845000,3.0,3.0,D18YV20,Dublin 18,14,Outer,1,1,1,https://www.myhome.ie/residential/brochure/stonebrook-house-glenamuck-road-kilternan-dublin-18/4988821
4967927,"6 The Dickens, The Gasworks, Ringsend, Dublin 4, D04 P6C7",Studio,390000,1.0,1.0,D04 P6C7,Dublin 4,5,Suburban,1,1,1,https://www.myhome.ie/residential/brochure/6-the-dickens-the-gasworks-ringsend-dublin-4/4967927
4977987,"19 Pecks Lane, Castleknock, Dublin 15, D15 KXV8",Semi-Detached,930000,4.0,3.0,D15 KXV8,Dublin 15,12,Outer,1,0,1,https://www.myhome.ie/residential/brochure/19-pecks-lane-castleknock-dublin-15/4977987
4988785,"57 Thornville Avenue, Artane, Dublin 5, D05 HY76",Terraced,449000,4.0,2.0,D05 HY76,Dublin 5,10,Outer,1,1,1,https://www.myhome.ie/residential/brochure/57-thornville-avenue-artane-dublin-5/4988785
4982184,"Apt 12 Gascoigne Court, Camden Row, Portobello, Dublin 8, D08 VW29",Apartment,645000,3.0,1.0,D08 VW29,Dublin 8,3,City Centre,1,1,1,https://www.myhome.ie/residential/brochure/apt-12-gascoigne-court-camden-row-portobello-dublin-8/4982184
4988833,"36 Cedar Place, Ridgewood, Swords, County Dublin, K67 XK15",Studio,375000,2.0,1.0,K67XK15,Dublin 3,4,Suburban,1,1,1,https://www.myhome.ie/residential/brochure/36-cedar-place-ridgewood-swords-county-dublin/4988833
4988840,"63 Millview Lawns , Malahide, County Dublin, K36 ET92",Semi-Detached,850000,4.0,2.0,K36ET92,Unknown,10,Outer,1,1,1,https://www.myhome.ie/residential/brochure/63-millview-lawns-malahide-county-dublin/4988840
4988839,"1 Maypark Avenue, Honey Park, Dun Laoghaire, Co. Dublin, A96 DX81",Semi-Detached,1095000,5.0,4.0,A96DX81,Unknown,10,Outer,1,1,1,https://www.myhome.ie/residential/brochure/1-maypark-avenue-honey-park-dun-laoghaire-co-dublin/4988839
4988810,"Apartment 104, Chapelgate, Saint Alphonsus` Road Upper, Drumcondra, Dublin 9, County Dublin, D09 KW95",Studio,475000,2.0,2.0,D09 KW95,Dublin 9,6,Suburban,1,0,1,https://www.myhome.ie/residential/brochure/apartment-104-chapelgate-saint-alphonsus-road-upper-drumcondra-dublin-9-county-dublin/4988810
4976441,"19 Celtic Park Avenue, Beaumont, Dublin 9, D09 EC63",Semi-Detached,525000,3.0,1.0,D09EC63,Dublin 9,6,Suburban,1,1,1,https://www.myhome.ie/residential/brochure/19-celtic-park-avenue-beaumont-dublin-9/4976441
4988834,"32 Penrose Street, Ringsend, Dublin 4, D04 XK25",Studio,600000,2.0,2.0,D04 XK25,Dublin 4,5,Suburban,1,1,1,https://www.myhome.ie/residential/brochure/32-penrose-street-ringsend-dublin-4/4988834
4988777,"4 Ballyedmonduff Cottages, Ballyedmonduff Road, Dublin 18, D18 VY24",Semi-Detached,410000,2.0,1.0,D18 VY24,Dublin 18,14,Outer,1,1,1,https://www.myhome.ie/residential/brochure/4-ballyedmonduff-cottages-ballyedmonduff-road-dublin-18/4988777
4988747,"204 The Distillery Building, Drumcondra, Dublin 3, D03 KH66",Duplex,345000,2.0,2.0,D03KH66,Dublin 3,4,Suburban,1,0,1,https://www.myhome.ie/residential/brochure/204-the-distillery-building-drumcondra-dublin-3/4988747
4988755,"1 Castleview Walk, Swords, County Dublin, K67 R796",End of Terrace,395000,3.0,2.0,K67R796,Unknown,10,Outer,1,1,1,https://www.myhome.ie/residential/brochure/1-castleview-walk-swords-county-dublin/4988755
4988770,"13 Bath Street, Irishtown, Dublin 4, D04 KH63",Terraced,895000,3.0,13.0,D04KH63,Dublin 4,5,Suburban,1,1,1,https://www.myhome.ie/residential/brochure/13-bath-street-irishtown-dublin-4/4988770
4988759,"23 The Parklands, Castleside Drive, Rathfarnham, Dublin 14, D14 DY61",Apartment,335000,1.0,1.0,D14DY61,Dublin 14,7,Suburban,1,1,1,https://www.myhome.ie/residential/brochure/23-the-parklands-castleside-drive-rathfarnham-dublin-14/4988759
4988772,"82 Morehampton Road, Donnybrook, Dublin 4, D04 N8K0",Semi-Detached,1575000,3.0,3.0,D04N8K0,Dublin 4,5,Suburban,1,1,1,https://www.myhome.ie/residential/brochure/82-morehampton-road-donnybrook-dublin-4/4988772
4988796,"8 Hampton Crescent, St. Helen`s Wood, Blackrock, County Dublin, A94 EW01",End of Terrace,695000,2.0,2.0,A94 EW01,Unknown,10,Outer,1,1,1,https://www.myhome.ie/residential/brochure/8-hampton-crescent-st-helen-s-wood-blackrock-county-dublin/4988796
4988675,"9 Glen Court, Stepaside Park, Stepaside, Dublin 18, D18 K7R8",Studio,395000,2.0,2.0,D18 K7R8,Dublin 18,14,Outer,1,1,1,https://www.myhome.ie/residential/brochure/9-glen-court-stepaside-park-stepaside-dublin-18/4988675
4988702,"Block B, 47 The Weir, Chapelizod, Dublin 20, D20 KV18",Apartment,350000,2.0,2.0,D20KV18,Dublin 20,10,Outer,1,0,1,https://www.myhome.ie/residential/brochure/block-b-47-the-weir-chapelizod-dublin-20/4988702
4976046,"8 Cedarhurst Green, Castleknock, Dublin 15, D15 X6F4",Terraced,595000,3.0,2.0,D15 X6F4,Dublin 15,12,Outer,1,0,1,https://www.myhome.ie/residential/brochure/8-cedarhurst-green-castleknock-dublin-15/4976046
4988803,"Apartment 75, Bushy Park House, Templeogue Road, Terenure, Dublin 6W, D6W KR52",Apartment,495000,2.0,1.0,D14XR40,Dublin 6,5,Suburban,1,0,1,https://www.myhome.ie/residential/brochure/apartment-75-bushy-park-house-templeogue-road-terenure-dublin-6w/4988803
4982191,"129 Tyrconnell Park, Inchicore, D08 H9DK",Apartment,395000,3.0,1.0,D08 H9DK,Dublin 8,3,City Centre,1,0,1,https://www.myhome.ie/residential/brochure/129-tyrconnell-park-inchicore/4982191
4988742,"20-24 Eglinton Road, Donnybrook, Dublin 4, D04 V2T9",Detached,2450000,4.0,4.0,D04 V2T9,Dublin 4,5,Suburban,1,1,1,https://www.myhome.ie/residential/brochure/20-24-eglinton-road-donnybrook-dublin-4/4988742
4988764,"67 Redwood, Ridge Hall, Shanganagh Road, Ballybrack, Co. Dublin, A96 RW58",Studio,345000,2.0,1.0,A96RW58,Unknown,10,Outer,1,1,1,https://www.myhome.ie/residential/brochure/67-redwood-ridge-hall-shanganagh-road-ballybrack-co-dublin/4988764
4988751,"81 McAuley Drive, Artane, Dublin 5, D05 NW62",Studio,425000,3.0,1.0,D05NW62,Dublin 5,10,Outer,1,1,1,https://www.myhome.ie/residential/brochure/81-mcauley-drive-artane-dublin-5/4988751
4988767,"74 Harbour View, Harbour Square, Crofton Road, Dun Laoghaire, Co. Dublin, A96 H5Y6",Studio,475000,1.0,1.0,A96H5Y6,Unknown,10,Outer,1,1,1,https://www.myhome.ie/residential/brochure/74-harbour-view-harbour-square-crofton-road-dun-laoghaire-co-dublin/4988767
4988771,"118 Sandyford View, Sandyford, Dublin 18, D18 HY79",Studio,395000,2.0,2.0,D18 HY79,Dublin 18,14,Outer,1,1,1,https://www.myhome.ie/residential/brochure/118-sandyford-view-sandyford-dublin-18/4988771
4988763,"7 Hollybrook Grove, Clontarf, Dublin 3, County Dublin, D03 RK40",Semi-Detached,695000,3.0,1.0,D03 RK40,Dublin 3,4,Suburban,1,1,1,https://www.myhome.ie/residential/brochure/7-hollybrook-grove-clontarf-dublin-3-county-dublin/4988763
4988719,"6 Brookmount Court, Rathfarnham, Dublin 14, D14 A316",Apartment,350000,1.0,1.0,D14 A316,Dublin 14,7,Suburban,1,0,1,https://www.myhome.ie/residential/brochure/6-brookmount-court-rathfarnham-dublin-14/4988719
4838526,"163 Cooley Road, Drimnagh, Dublin 12, D12 VW95",Apartment,449950,3.0,1.0,D12VW95,Dublin 12,6,Suburban,1,0,1,https://www.myhome.ie/residential/brochure/163-cooley-road-drimnagh-dublin-12/4838526
4967937,"35 Brian Road, Marino, Dublin 3, D03 RK73",Terraced,695000,3.0,2.0,D03 RK73,Dublin 3,4,Suburban,1,1,1,https://www.myhome.ie/residential/brochure/35-brian-road-marino-dublin-3/4967937
4988750,"12 Woodbrook Park, Templeogue, Dublin 16, D16 X062",Semi-Detached,850000,4.0,1.0,D16 X062,Dublin 16,10,Outer,1,0,1,https://www.myhome.ie/residential/brochure/12-woodbrook-park-templeogue-dublin-16/4988750
4988711,"15 Court Apartments, Wilton Place, Dublin 2, D02 R282., D02 R282",Studio,475000,2.0,1.0,D02 R282,Dublin 2,1,City Centre,1,1,1,https://www.myhome.ie/residential/brochure/15-court-apartments-wilton-place-dublin-2-d02-r282/4988711
4988705,"15 Levmoss Hall, Leopardstown, Dublin 18, D18 YT52",Studio,475000,2.0,2.0,D18YT52,Dublin 18,14,Outer,1,1,1,https://www.myhome.ie/residential/brochure/15-levmoss-hall-leopardstown-dublin-18/4988705
4988748,"110 Decies Road, Ballyfermot, Dublin 10, D10 N231, D10 N231",Terraced,325000,2.0,1.0,D10 N231,Dublin 10,8,Suburban,1,0,1,https://www.myhome.ie/residential/brochure/110-decies-road-ballyfermot-dublin-10-d10-n231/4988748
4988722,"2 Sandyford Hall Grove, Sandyford, Dublin 18, D18 K5T6",Semi-Detached,775000,4.0,5.0,D18 K5T6,Dublin 18,14,Outer,1,1,1,https://www.myhome.ie/residential/brochure/2-sandyford-hall-grove-sandyford-dublin-18/4988722
4988718,"Apt 4 Saint John's Well Way, Old Kilmainham, Dublin 8, D08 K6P5",Apartment,395000,2.0,2.0,D08 K6P5,Dublin 8,3,City Centre,1,0,1,https://www.myhome.ie/residential/brochure/apt-4-saint-john-s-well-way-old-kilmainham-dublin-8/4988718
4988707,"47 Shelbourne Village, Ringsend, Dublin 4, D04 Y567",Studio,340000,2.0,1.0,D04Y567,Dublin 4,5,Suburban,1,1,1,https://www.myhome.ie/residential/brochure/47-shelbourne-village-ringsend-dublin-4/4988707
4988704,"10 Castlegate Chase, Adamstown, Co. Dublin, K78 DK64",End of Terrace,410000,3.0,3.0,K78 DK64,Unknown,10,Outer,1,0,1,https://www.myhome.ie/residential/brochure/10-castlegate-chase-adamstown-co-dublin/4988704
4988646,"114 Cedar Brook Walk, Cherry Orchard, Dublin 10, D10 N541",Apartment,225000,1.0,1.0,D10N541,Dublin 10,8,Suburban,1,0,1,https://www.myhome.ie/residential/brochure/114-cedar-brook-walk-cherry-orchard-dublin-10/4988646
4988712,"Apartment 138, The Richmond, Smithfield, Dublin 7, D07 DF72",Apartment,275000,1.0,1.0,D07DF72,Dublin 7,10,Outer,1,0,1,https://www.myhome.ie/residential/brochure/apartment-138-the-richmond-smithfield-dublin-7/4988712
4988736,"20 Vernon Grove, Clontarf, Dublin 3, D03 W6Y5",Semi-Detached,850000,3.0,2.0,D03W6Y5,Dublin 3,4,Suburban,1,1,1,https://www.myhome.ie/residential/brochure/20-vernon-grove-clontarf-dublin-3/4988736
4988745,"21 Newcastle Boulevard , Newcastle, Dublin, D22 A2Y2",Apartment,265000,2.0,2.0,D22A2Y2,Dublin 22,10,Outer,1,0,1,https://www.myhome.ie/residential/brochure/21-newcastle-boulevard-newcastle-dublin/4988745
4988663,"10 Newcastle Manor Park, Newcastle, County Dublin, D22 W0Y8",Duplex,275000,2.0,1.0,D22W0Y8,Dublin 10,8,Suburban,1,0,1,https://www.myhome.ie/residential/brochure/10-newcastle-manor-park-newcastle-county-dublin/4988663
4977926,"42 Monastery Heath Avenue, Clondalkin, Dublin 22, D22 PP86",Terraced,435000,3.0,3.0,D22PP86,Dublin 22,10,Outer,1,0,1,https://www.myhome.ie/residential/brochure/42-monastery-heath-avenue-clondalkin-dublin-22/4977926
4988746,"2 Holywell Heath, Holywell, Swords, Co. Dublin, K67 YY57",Terraced,380000,2.0,2.0,K67 YY57,Unknown,10,Outer,1,1,1,https://www.myhome.ie/residential/brochure/2-holywell-heath-holywell-swords-co-dublin/4988746
4988721,"50 Harold's Cross Cottages, Harold's Cross, Dublin 6 , D06 W682",Bungalow,325000,2.0,1.0,D06W682,Dublin 6,5,Suburban,1,0,1,https://www.myhome.ie/residential/brochure/50-harold-s-cross-cottages-harold-s-cross-dublin-6/4988721
4977990,"359 Navan Road, Dublin 7, D07 T0F6",Semi-Detached,650000,3.0,1.0,D07 T0F6,Dublin 7,10,Outer,1,0,1,https://www.myhome.ie/residential/brochure/359-navan-road-dublin-7/4977990
4986325,"12 Trimleston Drive, Booterstown, Blackrock, County Dublin, A94 RV06",Semi-Detached,995000,4.0,2.0,A94 RV06,Dublin 4,5,Suburban,1,1,1,https://www.myhome.ie/residential/brochure/12-trimleston-drive-booterstown-blackrock-county-dublin/4986325
4982501,"5 De Valera Place, Phibsboro, Dublin 7, D07 X6Y1",Studio,575000,3.0,2.0,D07X6Y1,Dublin 7,10,Outer,1,1,1,https://www.myhome.ie/residential/brochure/5-de-valera-place-phibsboro-dublin-7/4982501
4923804,"29 WELLPARK AVENUE, Drumcondra, Dublin 9, D09 X3R8",Semi-Detached,525000,2.0,1.0,D09 X3R8,Dublin 9,6,Suburban,1,1,1,https://www.myhome.ie/residential/brochure/29-wellpark-avenue-drumcondra-dublin-9/4923804
4988534,"12 Elmwood Park, Swords, County Dublin, K67 PW13",Semi-Detached,520000,3.0,2.0,K67PW13,Dublin 5,10,Outer,1,1,1,https://www.myhome.ie/residential/brochure/12-elmwood-park-swords-county-dublin/4988534
4986672,"43 Quarry Road, Cabra, Dublin 7, D07 AYH0",Studio,495000,3.0,1.0,D07AYH0,Dublin 7,10,Outer,1,0,1,https://www.myhome.ie/residential/brochure/43-quarry-road-cabra-dublin-7/4986672
4908311,"13 Ashleigh Grove, Castleknock, Dublin 15, D15 TW94",Detached,845000,4.0,3.0,D15 TW94,Dublin 15,12,Outer,1,0,1,https://www.myhome.ie/residential/brochure/13-ashleigh-grove-castleknock-dublin-15/4908311
4988680,"15 James Connolly Park, Dublin 22, County Dublin, D22 FP63",Terraced,325000,3.0,1.0,D22 FP63,Dublin 22,10,Outer,1,0,1,https://www.myhome.ie/residential/brochure/15-james-connolly-park-dublin-22-county-dublin/4988680
4988691,"Druid Lodge, Killiney Hill Road, Killiney, Co. Dublin, A96 PA66",Detached,2950000,8.0,8.0,A96 PA66,Unknown,10,Outer,1,1,1,https://www.myhome.ie/residential/brochure/druid-lodge-killiney-hill-road-killiney-co-dublin/4988691
4988673,"55 New Market Square, Ward's Hill, Dublin 8",Studio,365000,2.0,1.0,D08 RH5K,Dublin 8,3,City Centre,1,0,1,https://www.myhome.ie/residential/brochure/55-new-market-square-ward-s-hill-dublin-8/4988673
4988699,"4 Canon Lillis Avenue, Seville Place, Dublin 1, D01 N2F7",Apartment,345000,3.0,1.0,D01N2F7,Dublin 1,1,City Centre,1,0,1,https://www.myhome.ie/residential/brochure/4-canon-lillis-avenue-seville-place-dublin-1/4988699
4988292,"24 The Paddocks Drive, Adamstown, County Dublin, K78 EY06",End of Terrace,425000,3.0,3.0,K78EY06,Dublin 6,5,Suburban,1,0,1,https://www.myhome.ie/residential/brochure/24-the-paddocks-drive-adamstown-county-dublin/4988292
4954170,"2 Mackies Place, off Pembroke Street Lower, Dublin 2, D02 WA40",Studio,720000,3.0,3.0,D02 WA40,Dublin 2,1,City Centre,1,1,1,https://www.myhome.ie/residential/brochure/2-mackies-place-off-pembroke-street-lower-dublin-2/4954170
4988658,"57 The Courtyard, Clonsilla, Dublin 15",Apartment,295000,2.0,2.0,D15H5H2,Dublin 15,12,Outer,1,0,1,https://www.myhome.ie/residential/brochure/57-the-courtyard-clonsilla-dublin-15/4988658
4981139,"17 Ramor Park, Blanchardstown, Dublin 15, County Dublin, D15 E2NY",Semi-Detached,550000,4.0,2.0,D15 E2NY,Dublin 15,12,Outer,1,0,1,https://www.myhome.ie/residential/brochure/17-ramor-park-blanchardstown-dublin-15-county-dublin/4981139
4988678,"26 Springfield, Blackhorse Avenue, Dublin 7, D07 V5N0",Apartment,675000,3.0,3.0,D07V5N0,Dublin 7,10,Outer,1,1,1,https://www.myhome.ie/residential/brochure/26-springfield-blackhorse-avenue-dublin-7/4988678
4988698,"1 Uppercross House, Temple Park, Richmond Avenue South, Dublin 6, D06 K750",Studio,355000,1.0,1.0,D06 K750,Dublin 6,5,Suburban,1,1,1,https://www.myhome.ie/residential/brochure/1-uppercross-house-temple-park-richmond-avenue-south-dublin-6/4988698
4988690,"27 Kenilworth Lane West, Rathgar, Dublin 6, D06 P6E5",Semi-Detached,850000,3.0,3.0,D06 P6E5,Dublin 6,5,Suburban,1,1,1,https://www.myhome.ie/residential/brochure/27-kenilworth-lane-west-rathgar-dublin-6/4988690
4988676,"10 Kilbarron Drive, Kilmore, Dublin 5, D05 TW93",Apartment,375000,4.0,2.0,D05TW93,Dublin 5,10,Outer,1,1,1,https://www.myhome.ie/residential/brochure/10-kilbarron-drive-kilmore-dublin-5/4988676
4982740,"3 Marlborough Road, North Circular Road, Dublin 7, A96 Y0T0",Studio,975000,7.0,8.0,A96 Y0T0,Dublin 7,10,Outer,1,0,1,https://www.myhome.ie/residential/brochure/3-marlborough-road-north-circular-road-dublin-7/4982740
4985857,"31 Parkview Green, Finglas, Dublin 11, D11 ER89",Duplex,275000,2.0,2.0,D11ER89,Dublin 11,7,Suburban,1,1,1,https://www.myhome.ie/residential/brochure/31-parkview-green-finglas-dublin-11/4985857
